Rk,School,Overall G,Overall W,Overall L,Overall W-L%,Overall SRS,Overall SOS,Conference W,Conference L,Home W,Home L,Away W,Away L,Points Tm.,Points Opp.,School Advanced Pace,School Advanced ORtg,School Advanced FTr,School Advanced 3PAr,School Advanced TS%,School Advanced TRB%,School Advanced AST%,School Advanced STL%,School Advanced BLK%,School Advanced eFG%,School Advanced TOV%,School Advanced ORB%,School Advanced FT/FGA
1,Abilene Christian,29,13,16,0.448,-11.86,-7.1,7,11,9,5,4,11,2009,2073,68,100.1,0.349,0.354,0.554,47.1,56.6,10.5,8.5,0.53,18.5,23.5,0.232
2,Air Force,33,12,21,0.364,-3.06,1,4,14,11,7,0,11,2411,2477,69,104.6,0.381,0.388,0.544,50.3,60.5,8.6,5.7,0.506,15,26.1,0.273
3,Akron,36,27,9,0.75,3.59,-1.21,14,4,13,2,7,6,2772,2550,68,113.1,0.366,0.484,0.58,51.2,54.5,8.1,8.6,0.556,15,29.8,0.25
4,Alabama A&M,29,2,27,0.069,-26.99,-11.09,2,16,1,9,1,18,1794,2255,65.4,93.4,0.396,0.289,0.487,46.4,51.9,5.2,4.4,0.446,17.3,30,0.265
5,Alabama-Birmingham,33,17,16,0.515,-1.17,-1.83,9,9,11,5,4,8,2369,2316,67.8,105.1,0.373,0.322,0.556,52.4,60.2,7,13.2,0.518,17.3,30.2,0.274
6,Alabama State,31,8,23,0.258,-19.75,-10.75,6,12,6,5,1,17,2042,2305,69.6,93.2,0.346,0.368,0.478,50.4,41.7,6.8,8,0.447,18.6,34.6,0.22
7,Alabama,34,19,15,0.559,11.29,7.47,10,8,11,6,5,6,2330,2200,67.4,100.3,0.391,0.372,0.515,53.8,48.2,8.6,11.6,0.483,17.3,34.1,0.255
8,Albany (NY),35,21,14,0.6,-0.16,-4.69,10,6,11,5,9,8,2496,2301,65.3,109.2,0.333,0.266,0.555,55.5,49,7.8,5.6,0.517,15.6,33.7,0.252
9,Alcorn State,32,18,14,0.563,-12.33,-10.95,13,5,11,2,6,11,2221,2175,69.2,100,0.328,0.359,0.515,51.4,53.1,9.4,9.2,0.488,17.3,32.5,0.214
10,American,30,8,22,0.267,-10.3,-3.5,5,13,4,11,4,11,1845,2049,65.2,94,0.307,0.343,0.522,46.6,49,10.6,6.9,0.503,18.3,21.7,0.19
11,Appalachian State,30,9,21,0.3,-8.67,-1.6,4,14,8,6,1,14,2208,2279,72.1,101.7,0.378,0.417,0.525,50.7,55.3,7.7,7.6,0.491,16.5,29.4,0.258
12,Arizona State,33,15,18,0.455,4.02,7.11,7,11,9,7,4,6,2593,2695,72.5,108,0.319,0.438,0.55,45.1,48.4,8.1,8.8,0.514,12.7,24.4,0.239
13,Arizona NCAA,37,32,5,0.865,18.25,7.63,16,2,15,1,9,1,2833,2440,67.3,113.8,0.405,0.305,0.58,55.1,51.3,8.1,8.8,0.537,14.5,33.1,0.31
14,Arkansas-Little Rock,32,15,17,0.469,-6.07,-3.8,6,12,9,6,4,9,2188,2185,66.1,102.7,0.333,0.342,0.54,50.6,48.9,8.6,11.7,0.502,16.9,28.8,0.246
15,Arkansas-Pine Bluff,32,7,25,0.219,-22.81,-10.28,6,12,6,6,1,19,1977,2320,68.7,88.2,0.337,0.36,0.494,46.8,48.1,12.4,9.5,0.463,22.4,29.8,0.22
16,Arkansas State,32,20,12,0.625,0.87,-2.1,11,7,12,1,7,9,2346,2211,68.8,106.1,0.415,0.323,0.547,52.1,48.1,7.8,7.3,0.522,16.2,31.4,0.265
17,Arkansas NCAA,36,26,10,0.722,14.04,8.6,12,6,15,3,6,5,2855,2659,71.7,110.7,0.381,0.295,0.558,49.5,49.8,10.8,12.4,0.514,14.3,31.7,0.29
18,Army,32,13,19,0.406,-5.84,-4.1,6,12,9,8,4,10,2324,2340,72,99.7,0.28,0.433,0.538,51.8,61.8,7.6,4.9,0.518,18.3,27.1,0.183
19,Auburn,32,18,14,0.563,8.17,7.33,7,11,10,5,6,6,2573,2546,75.2,106.1,0.425,0.401,0.544,48.4,48.3,9.6,13.4,0.511,15.5,30.3,0.285
20,Austin Peay,30,11,19,0.367,-11,-2.32,7,9,5,8,4,11,2331,2515,71.8,106.9,0.405,0.373,0.569,44.9,40.2,7.8,6.3,0.535,15.4,24.4,0.286
21,Ball State,34,21,13,0.618,-1.45,-3.57,11,7,11,5,7,7,2677,2567,72.7,106.7,0.346,0.418,0.571,51.2,56.9,8.1,8.8,0.54,17.5,28.3,0.248
22,Baylor NCAA,35,27,8,0.771,19.75,11.87,12,6,15,2,6,4,2550,2228,65.3,111.5,0.338,0.328,0.562,56.5,59.1,7.9,13,0.53,17.1,40.2,0.244
23,Belmont,30,23,7,0.767,4.28,-1.69,15,1,12,1,11,4,2302,2078,69,110.7,0.306,0.526,0.59,52.1,60.3,6.3,6.8,0.558,16.3,26.3,0.235
24,Bethune-Cookman,32,10,22,0.313,-19.44,-11.21,6,10,7,7,2,13,2275,2490,70.1,98.7,0.274,0.352,0.498,47,53.3,10.6,7.9,0.472,15.3,31.1,0.182
25,Binghamton,32,12,20,0.375,-11.99,-5.79,3,13,7,7,4,13,2175,2270,67.4,100.4,0.316,0.39,0.538,48.6,53.4,7.7,6.9,0.508,16.4,23.4,0.223
26,Boise State,32,20,12,0.625,5.52,2.72,12,6,11,3,8,7,2404,2278,70.4,106.7,0.412,0.403,0.558,51.3,47.7,7,6.1,0.52,16,28.2,0.294
27,Boston College,32,9,23,0.281,2.2,8.08,2,16,8,10,0,9,2320,2508,72.5,100,0.296,0.364,0.541,50.2,56.1,7.7,7.3,0.516,17.9,25.7,0.201
28,Boston University,32,18,14,0.563,-2.43,-3.66,12,6,11,5,6,9,2339,2264,69.9,102.9,0.336,0.419,0.547,50.1,55,11.7,7.7,0.517,17.2,27.6,0.234
29,Bowling Green State,32,13,19,0.406,-6,-2,7,11,10,7,3,12,2355,2453,72.7,100.1,0.361,0.329,0.514,48.8,46.9,9.4,7.1,0.481,15.1,28.2,0.241
30,Bradley,33,13,20,0.394,-2.84,2.94,7,11,8,7,3,10,2163,2333,68.6,95.1,0.418,0.354,0.524,49.2,50.9,8.9,10.5,0.488,19.5,26.2,0.281
31,Brigham Young,34,22,12,0.647,8.22,1.87,12,6,14,4,5,4,2741,2525,75.6,106.7,0.422,0.325,0.555,53.5,57,8.7,11.7,0.511,16,29.2,0.31
32,Brown,30,13,17,0.433,-8.55,-4.08,4,10,9,7,4,8,2275,2338,72.1,105.1,0.445,0.401,0.566,47.8,54.3,10.5,5.3,0.516,17.6,27.1,0.338
33,Bryant,32,12,20,0.375,-9.69,-5.43,9,9,9,5,2,15,2373,2478,70,103.2,0.332,0.366,0.535,49.4,54.8,9.5,5.8,0.499,16.2,29.5,0.239
34,Bucknell NCAA,35,26,9,0.743,5.89,-2.48,15,3,14,2,9,6,2669,2376,70.7,107.9,0.372,0.384,0.578,50.6,54.1,10.2,9.7,0.553,16.8,26.7,0.253
35,Buffalo,32,17,15,0.531,0.92,-1.01,11,7,8,4,8,7,2486,2375,73.1,105.8,0.366,0.374,0.545,53.1,52.3,7.7,10.2,0.513,16.6,33,0.253
36,Butler NCAA,34,25,9,0.735,17.7,10.23,12,6,13,3,7,4,2595,2341,67.3,112.6,0.371,0.376,0.581,50.6,50,8.9,8.4,0.546,13.4,27.1,0.275
37,Cal Poly,31,11,20,0.355,-10.71,-4.22,6,10,6,6,5,11,2082,2242,66.7,99.9,0.297,0.421,0.507,46.5,44.4,7.8,9.2,0.475,14,26,0.207
38,Cal State Bakersfield,35,25,10,0.714,3.21,-1.94,12,2,12,1,11,6,2502,2235,69.6,100.8,0.371,0.32,0.523,52.3,56.6,11.5,12.3,0.496,17.8,33.9,0.237
39,Cal State Fullerton,32,17,15,0.531,-7.55,-6.85,10,6,12,4,4,8,2351,2280,70.8,100.9,0.404,0.341,0.533,52.2,47.1,9.6,9.9,0.497,17.4,30,0.277
40,Cal State Northridge,30,11,19,0.367,-8.34,-4.13,7,9,7,7,4,8,2341,2440,74.6,104.6,0.459,0.238,0.55,49,51,9.2,7,0.503,15.8,28,0.334
41,UC-Davis NCAA,36,23,13,0.639,-5.21,-4.68,11,5,11,0,6,9,2525,2506,70.2,98.9,0.412,0.316,0.526,50.8,52.8,7.9,9,0.49,17.6,28.9,0.278
42,UC-Irvine,36,21,15,0.583,0.18,-2.7,12,4,11,2,8,9,2514,2331,67.1,103.3,0.296,0.356,0.534,54.5,50.3,7.2,11.4,0.508,17,32.4,0.203
43,UC-Riverside,29,8,21,0.276,-11.39,-3.87,5,11,5,8,3,12,1895,2016,69.7,93.3,0.296,0.331,0.497,48.9,49.1,9.8,8.8,0.464,16.9,25.7,0.206
44,UC-Santa Barbara,28,6,22,0.214,-13.49,-2,4,12,5,8,1,12,1701,1987,66.2,91.4,0.29,0.322,0.453,49.5,54.3,7.9,6.8,0.423,15.4,31.5,0.184
45,University of California,34,21,13,0.618,11.11,6.34,10,8,15,4,3,6,2316,2154,66.3,101.3,0.377,0.347,0.514,54.7,50.7,7.2,12.1,0.481,16,32.9,0.249
46,Campbell,37,19,18,0.514,-9.68,-7.59,7,11,11,8,6,9,2653,2605,67.7,105.2,0.361,0.401,0.568,49.3,47.5,9.7,11.3,0.53,16.9,24.4,0.272
47,Canisius,34,18,16,0.529,-2.82,-3.5,10,10,7,7,9,8,2665,2642,71.4,108.9,0.309,0.403,0.562,48.3,63.7,9.4,4.9,0.531,15.8,30.2,0.227
48,Central Arkansas,32,8,24,0.25,-13.04,-3.76,7,11,5,6,3,16,2395,2692,72.2,102.5,0.36,0.321,0.535,48.8,55.6,7.6,7.4,0.498,16.6,28.8,0.258
49,Central Connecticut State,29,6,23,0.207,-17.51,-7.68,4,14,3,9,3,14,1827,2112,66.5,93.9,0.333,0.261,0.492,48.5,50.5,8.5,6.9,0.467,18.2,31.5,0.207
50,Central Florida,36,24,12,0.667,9.58,3.69,11,7,15,3,6,6,2414,2202,66.2,101,0.399,0.394,0.535,55.6,48.5,6,11.1,0.504,18.9,32.6,0.264
51,Central Michigan,32,16,16,0.5,-5.76,-2.63,6,12,10,5,5,9,2826,2807,77.8,112.2,0.354,0.518,0.562,47.7,39.7,7.2,6.6,0.516,12.6,27.9,0.28
52,Charleston Southern,31,12,19,0.387,-12.28,-6.21,7,11,9,6,3,12,2304,2343,69.7,105.3,0.344,0.358,0.53,50.1,41.4,8,8.4,0.502,14.1,29,0.229
53,Charlotte,30,13,17,0.433,-5.24,-0.93,7,11,10,5,3,9,2295,2407,74.4,102.4,0.341,0.349,0.548,44.8,45.1,8.5,7.3,0.509,14.9,20.6,0.254
54,Chattanooga,31,19,12,0.613,1.1,-2.08,10,8,11,3,7,7,2314,2132,68.1,109.2,0.394,0.388,0.567,49.1,47.1,11.4,12.4,0.533,16.8,31.1,0.28
55,Chicago State,32,6,26,0.188,-16.67,-0.19,1,13,3,7,2,17,2089,2511,70.3,91.4,0.296,0.354,0.476,46.8,48.7,9.4,6.6,0.439,16.7,26.8,0.207
56,Cincinnati NCAA,36,30,6,0.833,18.43,5.49,16,2,18,0,8,3,2674,2208,65.1,113.3,0.325,0.361,0.547,53.3,57.5,11.1,13.9,0.52,12.9,35.5,0.223
57,Citadel,33,12,21,0.364,-12.86,-2.93,4,14,8,8,3,12,2964,3121,82.6,107.5,0.34,0.494,0.541,45.9,57.2,11.1,5.9,0.5,14.7,30.1,0.258
58,Clemson,33,17,16,0.515,13.22,9.98,6,12,11,6,3,7,2468,2361,67.7,110,0.343,0.345,0.547,49.3,47.5,10.5,10.7,0.511,13.6,31.4,0.251
59,Cleveland State,31,9,22,0.29,-6.73,-1.53,5,13,5,6,2,14,2083,2222,68.8,96.2,0.294,0.386,0.497,47,43.9,10.2,8.7,0.465,16.2,29,0.203
60,Coastal Carolina,39,20,19,0.513,-3.94,-1.48,10,8,15,6,3,12,2833,2858,71,101.7,0.298,0.399,0.514,52,45.7,8.5,8.7,0.488,15.6,31.1,0.196
61,Colgate,32,10,22,0.313,-8.47,-3.6,8,10,4,8,6,12,2145,2273,66.4,99,0.335,0.432,0.547,49.7,55.6,7.6,7.7,0.52,19.3,25.1,0.227
62,College of Charleston,35,25,10,0.714,3.99,-0.19,14,4,12,2,10,5,2416,2260,65.6,104.9,0.429,0.36,0.539,49.1,44.2,8.4,9.8,0.491,14,25.6,0.316
63,Colorado State,36,24,12,0.667,6.03,2.17,13,5,15,5,7,5,2611,2447,68.1,106.6,0.394,0.366,0.531,51.9,45.2,8.9,9.8,0.487,13.8,31.6,0.288
64,Colorado,34,19,15,0.559,9.12,6,8,10,13,4,4,9,2568,2455,69,108.7,0.386,0.36,0.544,52.1,53.4,7.3,11.9,0.508,14.8,32.7,0.272
65,Columbia,27,11,16,0.407,-5.67,-3.13,5,9,7,6,4,10,1940,1964,69.5,102.5,0.29,0.364,0.532,48.5,59.7,10,9.2,0.502,16,28.1,0.205
66,Connecticut,33,16,17,0.485,7.23,6.61,9,9,8,6,4,8,2220,2189,65.4,102.1,0.342,0.347,0.528,50.9,55.5,6.7,15.3,0.492,16,29.9,0.244
67,Coppin State,32,8,24,0.25,-21.51,-8.01,7,9,5,6,3,16,2119,2521,70.5,93.1,0.404,0.384,0.482,46.3,47.5,8,6.4,0.443,16.7,28.4,0.262
68,Cornell,29,8,21,0.276,-8.4,-1.55,4,10,3,8,4,12,2074,2238,71.3,99.8,0.294,0.437,0.553,48.7,55.9,7.2,6.7,0.527,18.3,22.5,0.205
69,Creighton NCAA,35,25,10,0.714,17.27,8.95,10,8,13,4,7,4,2864,2549,72.9,112.3,0.277,0.358,0.592,49.3,55.5,8.4,7.6,0.576,15.2,24.8,0.189
70,Dartmouth,27,7,20,0.259,-11.15,-3.45,4,10,3,9,4,11,1812,2020,68.2,97.9,0.338,0.386,0.534,50.5,47.7,6.7,4.7,0.499,19.1,27.6,0.24
71,Davidson,32,17,15,0.531,6.45,4.26,8,10,8,5,5,7,2362,2292,69.5,105.4,0.315,0.46,0.552,49.6,61.3,7.3,8.5,0.516,15.4,25.1,0.238
72,Dayton NCAA,32,24,8,0.75,12.98,4.27,15,3,15,1,7,3,2428,2126,69.4,108.9,0.436,0.381,0.571,49.7,61,11.2,11.9,0.538,15,25.8,0.301
73,Delaware State,32,10,22,0.313,-18.81,-9.37,7,9,4,7,6,14,2186,2399,68.4,98.6,0.292,0.39,0.515,46.2,54.9,8,8.5,0.49,17,29.3,0.192
74,Delaware,33,13,20,0.394,-9.97,-1.42,5,13,9,5,3,12,2157,2381,66.1,98.4,0.326,0.35,0.508,50.1,49.7,8,9.7,0.475,15.7,27.5,0.224
75,Denver,30,16,14,0.533,-2.99,-4.19,8,8,8,5,7,8,2275,2239,69,109,0.346,0.33,0.58,53.1,55.7,7.2,6.1,0.548,17.1,28.8,0.254
76,DePaul,32,9,23,0.281,2.09,7.78,2,16,8,10,1,9,2206,2388,69,99.5,0.356,0.313,0.523,49,47.2,9.6,8.8,0.481,17.6,29.9,0.262
77,Detroit Mercy,31,8,23,0.258,-10.72,-1.62,6,12,5,9,3,13,2387,2630,74.3,102.4,0.384,0.362,0.541,47.1,48,8.7,6.9,0.512,17,27.6,0.255
78,Drake,31,7,24,0.226,-4.71,1.91,5,13,6,9,1,11,2208,2390,70,100.5,0.298,0.421,0.521,47.5,53.2,8.6,6.4,0.482,15.5,26.9,0.225
79,Drexel,32,9,23,0.281,-7.43,-2.56,3,15,5,8,4,14,2397,2508,71.4,103.3,0.311,0.373,0.526,49.8,54.3,8.1,8.1,0.5,15.7,30.9,0.207
80,Duke NCAA,37,28,9,0.757,21.56,10.91,11,7,15,1,4,6,2991,2597,69.9,115.7,0.393,0.383,0.588,51.9,47.5,8.7,10.9,0.548,14.2,31.6,0.299
81,Duquesne,32,10,22,0.313,-3.06,0.69,3,15,8,10,1,10,2256,2376,71,99.3,0.371,0.369,0.523,49.4,51.1,6.9,10,0.489,17.4,29,0.251
82,East Carolina,33,15,18,0.455,-0.49,1.33,6,12,12,5,1,11,2088,2148,66.8,94.8,0.375,0.372,0.493,50.4,55,7.6,13.2,0.458,17.8,30.7,0.246
83,East Tennessee State NCAA,35,27,8,0.771,7.31,-2.11,14,4,13,2,8,5,2782,2438,71.4,110.2,0.432,0.352,0.587,53.1,53.8,11.6,13.6,0.555,18,31.3,0.304
84,Eastern Illinois,29,14,15,0.483,-5.35,-5.05,6,10,8,6,6,9,2169,2083,70.5,103,0.271,0.376,0.519,49,57.5,9.4,10.7,0.487,15,30.4,0.198
85,Eastern Kentucky,31,12,19,0.387,-8.65,-2.44,5,11,8,6,3,12,2197,2330,69.7,99.7,0.374,0.419,0.533,46.8,56.3,8.4,10,0.495,17.3,26.2,0.264
86,Eastern Michigan,33,16,17,0.485,-0.18,0.16,7,11,10,6,5,10,2566,2409,71.2,108.4,0.35,0.301,0.538,49.9,48.3,13.4,13.1,0.5,14.3,34.3,0.254
87,Eastern Washington,34,22,12,0.647,-2.77,-4.43,13,5,15,1,6,10,2695,2592,68,112.4,0.342,0.375,0.587,50.9,44.5,6.6,12.5,0.551,15.3,27.6,0.263
88,Elon,32,18,14,0.563,0.24,-1.39,10,8,10,4,6,8,2403,2292,69.2,106.1,0.302,0.454,0.55,50.2,54.8,7.3,6.1,0.525,14.6,25,0.207
89,Evansville,33,16,17,0.485,1.45,2.42,6,12,13,4,2,9,2288,2261,67,102.3,0.447,0.197,0.536,50.6,55.3,7.7,9.1,0.49,15.4,27.2,0.318
90,Fairfield,31,16,15,0.516,-4.75,-3.85,11,9,7,6,8,8,2251,2279,71.7,100.5,0.272,0.421,0.536,48.5,56.4,7.4,7.3,0.513,16.5,24.4,0.186
91,Fairleigh Dickinson,30,11,19,0.367,-9.28,-5.31,9,9,7,4,3,14,2183,2250,70.2,103.2,0.362,0.354,0.544,47.3,48.5,8.9,7,0.499,16.5,27.8,0.277
92,Florida A&M,30,7,23,0.233,-20.88,-11.85,5,11,4,10,3,11,2153,2365,72.2,97.7,0.373,0.299,0.508,45.7,49.7,8.9,9.1,0.475,16.1,25.8,0.246
93,Florida Atlantic,30,10,20,0.333,-7.95,-1.98,6,12,5,9,5,8,2108,2221,70.2,98.9,0.304,0.348,0.501,47.3,48.8,8,7.4,0.467,14.2,27,0.213
94,Florida Gulf Coast NCAA,34,26,8,0.765,2.26,-3.42,12,2,16,3,10,3,2701,2356,69.3,113.8,0.329,0.315,0.579,53.9,52.3,8.7,9.7,0.554,15.3,33.9,0.231
95,Florida International,31,7,24,0.226,-8.1,-3.27,3,15,6,9,1,13,2178,2282,66.5,103.1,0.291,0.307,0.54,51.2,43,8.8,5.9,0.505,17,30.5,0.218
96,Florida State NCAA,35,26,9,0.743,18.87,8.87,12,6,18,0,3,6,2873,2523,72.6,113.1,0.384,0.313,0.566,52.7,49.3,10.2,13.7,0.537,14.1,33.6,0.265
97,Florida NCAA,36,27,9,0.75,22.4,11.01,14,4,9,1,8,4,2804,2394,70.1,110,0.402,0.366,0.556,51.3,47.2,10.7,11.8,0.516,14.6,31.8,0.293
98,Fordham,32,13,19,0.406,-1.97,1.36,7,11,8,9,5,8,2090,2167,66.8,96.3,0.266,0.444,0.52,44.3,57.9,14.5,9.3,0.49,17.2,23.4,0.193
99,Fresno State,33,20,13,0.606,4.37,2.31,11,7,13,2,6,10,2426,2315,70.1,102.5,0.408,0.317,0.543,50.6,48.6,11.7,11.3,0.511,16.6,27.5,0.274
100,Furman,35,23,12,0.657,1.46,-3.75,14,4,11,3,12,8,2590,2319,67.4,109.1,0.321,0.427,0.579,51.7,57.1,10.3,7.3,0.555,16.8,28,0.224
101,Gardner-Webb,33,19,14,0.576,-3.08,-5.71,11,7,9,5,8,8,2546,2319,71.4,106.1,0.43,0.29,0.555,52.8,53.2,12.1,9.7,0.534,17.1,31.9,0.268
102,George Mason,34,20,14,0.588,3.01,1.28,9,9,10,7,7,5,2519,2437,69.2,105.2,0.395,0.276,0.541,55,45.3,7.1,7.2,0.494,15.9,32,0.295
103,George Washington,35,20,15,0.571,2.37,2.11,10,8,14,3,5,8,2447,2438,67,104.3,0.366,0.383,0.538,53,56.8,8.2,9.9,0.495,16.6,32.5,0.273
104,Georgetown,32,14,18,0.438,11.18,9.31,5,13,9,8,3,7,2369,2309,70.2,104.7,0.426,0.337,0.562,50.6,59.4,7.7,11.5,0.52,17.7,28.9,0.312
105,Georgia Southern,33,18,15,0.545,-3.63,-2.83,11,7,10,4,6,11,2492,2420,70.5,106.7,0.4,0.438,0.549,46.8,40.7,9.6,8.8,0.52,14.6,26,0.266
106,Georgia State,33,20,13,0.606,-0.33,-2.17,12,6,11,3,6,9,2442,2312,70.3,104.8,0.349,0.365,0.555,51.6,45.1,10.1,14,0.534,17.4,30.4,0.226
107,Georgia Tech,37,21,16,0.568,7.82,8.21,8,10,16,4,3,10,2496,2472,69.3,97,0.356,0.248,0.513,49.8,62.6,9.5,15.7,0.479,16.9,28,0.243
108,Georgia,34,19,15,0.559,11.13,10.28,9,9,12,6,5,7,2435,2393,69.7,102,0.408,0.283,0.536,51.5,51.3,7.6,9.8,0.485,16.3,28.7,0.309
109,Gonzaga NCAA,39,37,2,0.949,25.26,4.13,17,1,15,1,10,0,3222,2398,70.9,116.4,0.39,0.329,0.596,54.7,51.8,9.6,11.2,0.567,14.2,29.8,0.28
110,Grambling,33,16,17,0.485,-17.29,-11.89,10,8,11,2,4,12,2361,2412,69.8,101,0.384,0.299,0.514,47.6,43.8,12.5,6.9,0.48,16.4,31.6,0.255
111,Grand Canyon,31,22,9,0.71,-0.16,-4.22,11,3,15,3,5,6,2282,2103,71.2,102.6,0.412,0.342,0.527,50.9,53.5,10.5,6.7,0.493,15.5,29.1,0.274
112,Green Bay,32,18,14,0.563,-2.77,-2.83,12,6,10,3,7,9,2565,2479,76.8,103.2,0.382,0.297,0.527,51.2,48.8,9.9,10.6,0.491,15.5,30.2,0.263
113,Hampton,31,14,17,0.452,-13.23,-9.92,11,5,9,4,5,11,2149,2219,70.9,97.1,0.343,0.336,0.501,50.7,48.5,6.9,10.1,0.46,16.9,31.7,0.245
114,Hartford,32,9,23,0.281,-15.85,-5.56,4,12,6,8,3,15,2136,2465,70,94.3,0.326,0.428,0.51,45,50.3,10.1,9.2,0.475,18.1,24.8,0.228
115,Harvard,28,18,10,0.643,2.3,-2.24,10,4,11,3,7,5,2012,1842,67.5,106.5,0.331,0.412,0.556,51.1,57.7,9.3,13.3,0.52,16.6,29.2,0.246
116,Hawaii,30,14,16,0.467,-6.19,-4.92,8,8,11,8,3,5,2042,2048,68.3,98.9,0.366,0.399,0.527,49.1,59.9,7.3,5.3,0.488,17.6,28.3,0.262
117,High Point,31,15,16,0.484,-9.06,-6.28,9,9,8,8,7,7,2133,2136,66.8,101.4,0.376,0.307,0.535,51.2,53.1,8.7,9.4,0.49,16.9,29,0.279
118,Hofstra,32,15,17,0.469,-2.35,-1.9,7,11,7,7,6,7,2473,2454,69,111.1,0.375,0.415,0.55,50.3,49.5,6.4,6.3,0.52,13.2,31.1,0.257
119,Holy Cross,32,15,17,0.469,-5.26,-3.51,9,9,9,5,6,12,1932,1988,61.5,97.7,0.344,0.441,0.535,42.8,64.3,15.3,9.2,0.503,16.3,19.4,0.238
120,Houston Baptist,31,17,14,0.548,-7.3,-4.44,12,6,13,1,4,12,2441,2398,72.9,108,0.375,0.298,0.539,54.1,52.5,8.6,7,0.503,15.3,36.9,0.262
121,Houston,32,21,11,0.656,12.2,3.42,12,6,12,4,6,5,2358,2077,65.8,111.6,0.286,0.358,0.546,50.5,47.8,8,10.7,0.517,12.7,31.9,0.205
122,Howard,34,10,24,0.294,-16.97,-7.97,5,11,6,6,2,16,2163,2433,68.4,93,0.449,0.318,0.48,49.4,42.5,7.7,10.1,0.436,18.2,32.5,0.295
123,Idaho State,31,5,26,0.161,-15.1,-3.37,3,15,4,7,1,16,2164,2486,70.2,98.6,0.379,0.386,0.537,44.4,42.6,10.2,6.7,0.504,16.6,21.3,0.259
124,Idaho,33,19,14,0.576,-5.34,-5.89,12,6,12,3,6,10,2412,2346,67.9,105.2,0.399,0.371,0.542,52.6,52.2,7.2,7.9,0.501,15.9,30.9,0.288
125,Illinois-Chicago,36,17,19,0.472,-5.95,-3.63,7,11,10,8,5,9,2749,2754,74,102.2,0.399,0.353,0.547,52.1,55.8,7.3,11.1,0.509,19,32.2,0.283
126,Illinois State,35,28,7,0.8,10.3,2.71,17,1,16,1,9,4,2418,2146,65.8,104.6,0.301,0.404,0.536,51.7,55.8,10.8,14.4,0.513,15.9,30.6,0.2
127,Illinois,35,20,15,0.571,10.54,9.25,8,10,14,5,3,7,2508,2417,68.9,103.7,0.318,0.362,0.539,51.2,52.6,8.1,6.5,0.512,15.7,28.7,0.219
128,Incarnate Word,29,12,17,0.414,-12.14,-5.62,7,11,10,5,2,12,2212,2320,73.3,103.6,0.452,0.372,0.563,45.7,49.2,7.9,10.4,0.527,16.6,22.6,0.314
129,Indiana State,31,11,20,0.355,-1.02,3.18,5,13,8,6,3,10,2170,2255,70.1,97.2,0.314,0.397,0.515,46.7,54.7,9.1,10.1,0.485,15.8,22.2,0.214
130,Indiana,34,18,16,0.529,14.63,8.16,7,11,14,4,2,8,2711,2491,69.5,112.3,0.341,0.387,0.582,55.1,50.9,8.7,11.8,0.552,18.2,36.3,0.249
131,Iona NCAA,35,22,13,0.629,1.08,-2.47,12,8,8,4,7,7,2813,2689,72.3,110,0.31,0.4,0.569,48.2,55.3,9.3,7.7,0.534,14.6,27,0.238
132,Iowa State NCAA,35,24,11,0.686,20.51,11.94,12,6,12,3,5,6,2829,2529,70.6,112.5,0.276,0.393,0.572,47.7,53.6,10.8,8.9,0.55,12.6,25.6,0.194
133,Iowa,34,19,15,0.559,10.01,7.54,10,8,15,5,3,7,2738,2654,72.8,107.8,0.349,0.373,0.554,50.1,62.4,9.9,9.4,0.525,16,31.8,0.24
134,IPFW,33,20,13,0.606,0.38,-3.19,8,8,14,3,6,9,2869,2602,75.1,114,0.264,0.412,0.599,53.3,54.6,10.1,11,0.579,15.8,29.1,0.191
135,IUPUI,32,14,18,0.438,-4.29,-1.62,7,9,8,4,5,13,2500,2517,72,107.7,0.334,0.38,0.551,49.4,51.5,9.3,7.3,0.525,15,29.5,0.228
136,Jackson State,32,14,18,0.438,-15.42,-11.55,10,8,10,4,4,13,2066,2142,65.9,97.2,0.333,0.392,0.48,51.5,48.9,9.3,8,0.443,15.3,34.3,0.224
137,Jacksonville State NCAA,35,20,15,0.571,-2.85,-3.24,9,7,5,5,10,9,2434,2378,65.3,105.7,0.346,0.367,0.559,52.7,57.5,6.8,10.8,0.528,18,31.5,0.247
138,Jacksonville,33,17,16,0.515,-10.21,-8.45,5,9,7,7,8,9,2557,2477,70.4,109.6,0.342,0.431,0.584,49.5,50.7,11.4,5.7,0.553,16.2,27.3,0.251
139,James Madison,33,10,23,0.303,-5.64,-1.83,7,11,6,9,3,13,2194,2299,65.8,100,0.359,0.363,0.541,52.5,50,8.8,8.8,0.504,18.7,29.2,0.257
140,Kansas State NCAA,35,21,14,0.6,14.8,10.48,8,10,11,5,5,6,2523,2372,67.5,106.4,0.412,0.363,0.56,49.2,60,11.4,10.3,0.527,16.8,29.5,0.286
141,Kansas NCAA,36,31,5,0.861,23.53,12.23,16,2,14,1,10,1,2995,2588,71.4,115.4,0.36,0.359,0.583,53,54.5,9.6,11.2,0.561,15.1,33.9,0.244
142,Kennesaw State,32,14,18,0.438,-8.44,-5.97,7,7,8,5,6,13,2401,2456,71.5,105,0.308,0.256,0.542,51,56.8,7.1,7.4,0.515,16.3,31.3,0.213
143,Kent State NCAA,36,22,14,0.611,0.88,-1.63,10,8,10,6,7,5,2772,2628,70.7,107,0.328,0.349,0.521,54,45.5,8.9,9.7,0.484,14.9,38.7,0.236
144,Kentucky NCAA,38,32,6,0.842,23.88,10.49,16,2,15,2,7,3,3225,2716,74.3,113.8,0.409,0.316,0.564,53.2,51.6,8.1,13,0.529,13.4,33.2,0.288
145,La Salle,30,15,15,0.5,1.91,2.94,9,9,11,4,4,8,2266,2297,69.1,107.4,0.383,0.42,0.575,49.4,55.8,9.1,6,0.533,16.6,25.6,0.294
146,Lafayette,30,9,21,0.3,-14.68,-3.5,5,13,5,10,4,11,1995,2282,70.3,94.2,0.297,0.4,0.528,46.1,53.1,7,8.5,0.497,18.8,20,0.211
147,Lamar,34,19,15,0.559,-7.36,-7.93,10,8,12,3,6,11,2623,2434,70.7,108,0.411,0.37,0.555,50.6,53,11.2,7.5,0.526,16.1,31.9,0.275
148,Lehigh,32,20,12,0.625,1.54,-3.3,12,6,12,2,8,10,2432,2261,70.4,106.7,0.324,0.385,0.589,51.7,54.5,9.4,8.5,0.555,17.9,23.4,0.251
149,Liberty,35,21,14,0.6,-5.51,-6.16,14,4,14,5,7,8,2331,2220,64.3,102.5,0.342,0.497,0.561,45.6,58.2,10.1,6.6,0.525,14.9,15.7,0.254
150,Lipscomb,33,20,13,0.606,-1.55,-4.45,11,3,11,5,9,6,2804,2562,76,111.4,0.41,0.469,0.593,50.9,63.8,8.7,8.2,0.561,17.5,29.6,0.296
151,Long Beach State,34,15,19,0.441,-5.98,-0.6,9,7,10,2,3,15,2549,2666,71.5,102.9,0.369,0.303,0.533,49.5,49.9,8,6.9,0.493,16.9,31.7,0.267
152,Long Island University,32,20,12,0.625,-7.8,-8.51,13,5,8,5,9,6,2278,2218,68.5,102.8,0.385,0.289,0.522,54,43.6,8.4,9.2,0.485,17.4,36.8,0.264
153,Longwood,30,6,24,0.2,-21.23,-6.16,3,15,5,9,1,15,2018,2408,71,94.7,0.293,0.342,0.533,44.7,43.9,8.2,10.3,0.501,19.4,21.8,0.214
154,Louisiana,33,21,12,0.636,-0.64,-3.28,10,8,12,4,8,7,2704,2518,73.3,111.4,0.415,0.333,0.559,54.2,50.3,9.6,7.1,0.524,15.4,36.7,0.288
155,Louisiana-Monroe,33,9,24,0.273,-7.88,-2.56,2,16,6,8,2,12,2198,2299,66.1,98.6,0.26,0.372,0.511,50.4,54.4,6.9,6,0.487,16.7,29.7,0.174
156,Louisiana State,31,10,21,0.323,0.53,8.69,2,16,8,8,1,10,2319,2572,73.2,102.2,0.316,0.309,0.532,49.4,46.5,8.2,9.4,0.502,17.2,30.9,0.22
157,Louisiana Tech,33,23,10,0.697,5.2,-4.35,14,4,15,2,6,7,2557,2203,70.8,109.1,0.345,0.364,0.563,52.4,59.6,9.5,13.7,0.533,15.2,29.1,0.245
158,Louisville NCAA,34,25,9,0.735,22.47,11.15,12,6,16,1,5,5,2628,2243,68.5,112,0.34,0.321,0.543,54.1,48.4,9.7,15.2,0.514,13.4,36.6,0.233
159,Loyola (IL),32,18,14,0.563,5.15,1.02,8,10,13,3,3,9,2348,2137,66.9,108,0.31,0.379,0.584,49.2,55.6,10,6.7,0.56,15.8,22.1,0.219
160,Loyola Marymount,30,15,15,0.5,-0.47,1.6,8,10,10,7,5,7,2113,2125,69,101.7,0.311,0.35,0.525,49.5,57,11,11.6,0.506,16.4,30.7,0.193
161,Loyola (MD),33,16,17,0.485,-6.32,-3.6,8,10,10,4,6,11,2175,2249,67.2,97.3,0.397,0.3,0.511,51.3,51.1,10.7,9.6,0.47,18.9,33.1,0.275
162,Maine,32,7,25,0.219,-16.33,-4.01,3,13,4,9,3,14,2069,2400,69.2,93.5,0.301,0.359,0.489,48.5,50.5,7.5,5.2,0.46,16.5,26.9,0.197
163,Manhattan,32,10,22,0.313,-9.67,-2.61,5,15,7,7,3,13,2259,2485,71.8,96.5,0.41,0.351,0.521,49.8,46.4,9.6,8.7,0.474,19.7,30.8,0.299
164,Marist,32,8,24,0.25,-12.33,-2.74,5,15,5,8,2,14,2223,2530,69.1,99.8,0.379,0.421,0.539,44.8,47,6.6,6.7,0.499,16.6,21.6,0.275
165,Marquette NCAA,32,19,13,0.594,15.26,8.6,10,8,14,3,4,6,2631,2418,71.1,115.2,0.31,0.415,0.607,49.6,57.1,10.1,9.3,0.576,15.5,27,0.242
166,Marshall,35,20,15,0.571,0.18,-1.05,10,8,13,3,4,11,2997,2939,77.3,109.5,0.365,0.43,0.571,46.7,56.4,7.7,8.3,0.536,14.2,24.4,0.268
167,Maryland-Baltimore County,34,21,13,0.618,-3.84,-5.87,9,7,13,5,8,8,2759,2624,71.3,111.4,0.339,0.412,0.582,49.9,53,9,6.4,0.55,14.8,25.8,0.252
168,Maryland-Eastern Shore,34,14,20,0.412,-13.77,-7.61,9,7,7,4,5,14,2424,2583,69.8,100.6,0.332,0.38,0.52,46.4,52.6,8,7.5,0.489,15.4,26.7,0.227
169,Maryland NCAA,33,24,9,0.727,12.79,8.29,12,6,13,5,8,2,2438,2246,68.1,108.1,0.398,0.411,0.557,50.3,57.1,8,11.9,0.523,16.3,31.1,0.278
170,Massachusetts-Lowell,31,11,20,0.355,-10.13,-6.4,5,11,8,6,2,14,2429,2517,73,106,0.311,0.363,0.58,49,56.4,7.5,5.4,0.551,18.5,27.2,0.228
171,Massachusetts,33,15,18,0.455,1.63,1.66,4,14,11,7,3,10,2371,2372,73,98.5,0.346,0.407,0.525,49.3,62.5,10.4,13.2,0.497,17.8,28.1,0.228
172,McNeese State,29,7,22,0.241,-14.28,-4.12,4,14,4,10,3,12,2043,2292,72.4,96.9,0.359,0.346,0.514,45,42.2,7.5,7.5,0.479,16.9,26,0.246
173,Memphis,32,19,13,0.594,6.47,3.19,9,9,14,4,4,7,2367,2262,70,104.9,0.367,0.318,0.523,50.2,59.6,9.8,13,0.489,14,31.6,0.25
174,Mercer,32,15,17,0.469,-1.12,-0.92,9,9,8,7,6,7,2269,2184,63.5,110.4,0.324,0.393,0.554,54,55,6.5,7.5,0.512,15.2,35,0.253
175,Miami (FL) NCAA,33,21,12,0.636,14.48,9.57,10,8,14,2,4,6,2278,2116,64.7,106.3,0.343,0.326,0.544,53,47.8,9.9,10.5,0.51,16.6,33.4,0.246
176,Miami (OH),32,11,21,0.344,-8.16,-2.1,4,14,10,8,1,13,2249,2384,71.6,97.4,0.38,0.356,0.525,47.1,46.3,10.3,11.8,0.488,17.9,25.6,0.262
177,Michigan State NCAA,35,20,15,0.571,13.67,10.5,10,8,14,2,2,7,2515,2404,68.2,105.1,0.335,0.38,0.563,52.6,65.3,6.3,11.9,0.54,18,29.1,0.224
178,Michigan NCAA,38,26,12,0.684,18.8,10.17,10,8,15,3,3,8,2851,2523,63.8,116.5,0.301,0.451,0.601,47.9,52.6,9,7.4,0.57,12.8,24.5,0.234
179,Middle Tennessee NCAA,36,31,5,0.861,9.8,-0.48,17,1,13,2,11,2,2697,2299,66.4,112.4,0.304,0.299,0.567,53.9,54.4,10.1,8.3,0.543,13.6,30.7,0.212
180,Milwaukee,35,11,24,0.314,-7.37,-2.17,4,14,5,8,2,13,2347,2494,65.3,100.6,0.276,0.401,0.532,48.5,54.3,7,4.6,0.511,15.6,24.1,0.182
181,Minnesota NCAA,34,24,10,0.706,14.56,8.82,11,7,17,3,5,5,2556,2361,70.3,104.6,0.396,0.299,0.528,50.5,57.2,7.9,15.9,0.487,14,29.6,0.281
182,Mississippi State,32,16,16,0.5,7.12,5.9,6,12,10,7,2,8,2320,2281,70.8,102,0.339,0.385,0.54,48.9,47,10.5,10.7,0.511,16.8,27.2,0.233
183,Mississippi Valley State,32,7,25,0.219,-20.54,-7.11,7,11,5,4,2,20,2235,2665,72.1,95.8,0.335,0.262,0.496,47,45.7,9.3,5.2,0.466,17,30.4,0.218
184,Mississippi,36,22,14,0.611,9.65,7.99,10,8,13,6,6,6,2807,2747,73.4,105.4,0.428,0.377,0.539,52,50.9,9.1,11.3,0.488,16.5,33.8,0.322
185,Missouri-Kansas City,35,18,17,0.514,-4.97,-1.06,8,6,12,5,4,10,2691,2753,74.5,102.9,0.374,0.408,0.55,47.9,49.5,9,7,0.515,17.3,27.6,0.267
186,Missouri State,33,17,16,0.515,2.84,1.18,7,11,11,6,4,8,2403,2277,66.4,107.6,0.344,0.393,0.545,54.2,48.1,7.9,10.7,0.513,15.6,33.2,0.241
187,Missouri,32,8,24,0.25,2.98,6.73,2,16,6,11,0,9,2213,2333,70.5,97.4,0.387,0.39,0.494,48.1,51.9,8.8,6.2,0.452,14.6,28.2,0.264
188,Monmouth,34,27,7,0.794,4.94,-2.62,18,2,13,2,12,4,2761,2504,74.2,108.3,0.373,0.382,0.551,50.2,46.4,9.2,11.9,0.508,14.5,29.7,0.282
189,Montana State,32,16,16,0.5,-6.14,-5.88,11,7,12,5,4,10,2561,2532,71.7,108.3,0.367,0.433,0.554,49.6,49.4,7.7,6.6,0.517,14.5,27.8,0.268
190,Montana,32,16,16,0.5,-2.67,-4.02,11,7,8,5,7,8,2391,2348,68.7,107.8,0.33,0.355,0.55,50,49.3,8.2,7.9,0.512,13.7,28,0.249
191,Morehead State,30,14,16,0.467,-3.6,-1.85,10,6,10,4,4,11,2370,2311,71.8,108.6,0.285,0.298,0.547,53.5,54.9,9.3,9.4,0.518,15.7,35.7,0.207
192,Morgan State,30,14,16,0.467,-15.03,-11.2,11,5,9,5,5,10,2025,2121,70.3,95.2,0.38,0.302,0.478,50.8,46.6,8,8.9,0.43,16.6,34.8,0.27
193,Mount St. Mary's NCAA,36,20,16,0.556,-4.29,-3.51,14,4,11,4,8,11,2446,2474,68.4,99.1,0.324,0.369,0.536,44.5,46,9,9.6,0.51,17.1,23,0.218
194,Murray State,33,16,17,0.485,-3.06,-4.41,8,8,10,4,3,11,2639,2543,71.1,110.1,0.368,0.394,0.551,50.9,50.9,8.3,6.1,0.512,14.4,31.8,0.271
195,Navy,32,16,16,0.5,-4.11,-3.92,10,8,11,5,5,9,2076,2055,64.9,99.5,0.359,0.385,0.51,54.2,58.9,10.9,7.1,0.482,18.6,37.2,0.23
196,Nebraska-Omaha,32,18,14,0.563,-2.24,-1.11,9,7,8,4,8,9,2685,2673,76.2,108.8,0.405,0.388,0.571,48.7,49.4,10.6,8.6,0.529,15.9,28.4,0.303
197,Nebraska,31,12,19,0.387,6.47,10.74,6,12,8,8,3,8,2168,2264,69.2,99.5,0.298,0.294,0.498,51.3,44.6,9.7,9.7,0.463,15.9,33.9,0.211
198,Nevada-Las Vegas,32,11,21,0.344,-3.75,2.59,4,14,9,10,2,9,2202,2405,70.4,96.6,0.376,0.352,0.494,49.9,55.2,8.3,6.6,0.451,15.5,28.9,0.261
199,Nevada NCAA,35,28,7,0.8,10.49,2.03,14,4,13,1,8,4,2792,2496,70.9,112,0.413,0.402,0.561,52.4,59.9,7.6,11,0.525,13.4,30.3,0.291
200,New Hampshire,32,20,12,0.625,-3.57,-4.46,10,6,11,4,9,8,2277,2118,66.8,104.8,0.351,0.407,0.546,54.3,50.8,5.9,5,0.51,16.1,29.3,0.255
201,New Mexico State NCAA,34,28,6,0.824,4.66,-3.82,11,3,17,1,8,4,2678,2310,70,112.1,0.431,0.382,0.568,54.4,55.3,6.9,9.6,0.531,16.5,36.7,0.307
202,New Mexico,31,17,14,0.548,3.04,2.07,10,8,11,4,5,7,2283,2253,70.5,104,0.461,0.262,0.553,50.5,53.9,8.6,10.3,0.502,16.3,27,0.344
203,New Orleans NCAA,32,20,12,0.625,-4.1,-5.34,13,5,11,3,7,8,2331,2215,69.5,103.2,0.427,0.25,0.552,52.9,60.2,11.2,8.6,0.513,20.2,36.7,0.303
204,Niagara,33,10,23,0.303,-8.34,-4.37,6,14,5,8,3,13,2448,2579,71.8,102.2,0.336,0.328,0.519,49.8,49.2,7.2,11.2,0.476,15.4,30.6,0.252
205,Nicholls State,31,14,17,0.452,-14.57,-5.23,7,11,10,3,4,14,2316,2464,72.2,102.2,0.372,0.446,0.546,45.3,55.8,10.3,15.4,0.504,17.5,26.8,0.275
206,NJIT,31,11,20,0.355,-10.12,-4.22,3,11,8,4,2,15,2253,2320,71.5,101.2,0.323,0.417,0.526,52,50.3,9.1,8.1,0.493,16.3,30.1,0.227
207,Norfolk State,34,17,17,0.5,-12.07,-8.57,12,4,10,2,5,12,2374,2430,70.6,97.5,0.373,0.34,0.517,51.2,45.3,7.1,14.5,0.482,18,29.7,0.254
208,North Carolina-Asheville,33,23,10,0.697,0.84,-5.61,15,3,13,1,10,8,2544,2261,69.5,108.9,0.357,0.351,0.57,49,56.4,13.1,5.8,0.545,14.7,25,0.243
209,North Carolina A&T,32,3,29,0.094,-23.07,-9.61,1,15,3,10,0,18,2056,2435,65.1,97.3,0.342,0.355,0.515,49.8,48.4,6.8,6.4,0.483,18.9,32.2,0.233
210,North Carolina Central NCAA,34,25,9,0.735,-3.18,-12.12,13,3,11,2,11,6,2542,2159,68.8,108.7,0.341,0.38,0.546,51.7,52.7,8.9,8.7,0.517,14.8,32.9,0.233
211,North Carolina-Greensboro,35,25,10,0.714,-0.1,-2.63,14,4,13,4,8,5,2628,2424,68.4,109.8,0.295,0.395,0.564,52.6,55.4,10.2,10.9,0.539,16.9,34.8,0.209
212,North Carolina State,32,15,17,0.469,6.09,8.09,4,14,11,7,2,8,2483,2547,71.9,107.1,0.362,0.335,0.558,50.1,51.5,7,10.7,0.527,16.1,29.8,0.253
213,North Carolina-Wilmington NCAA,35,29,6,0.829,8.06,-0.55,15,3,13,1,11,3,2967,2624,71.5,118.1,0.317,0.411,0.578,51.6,52.7,9.3,8.2,0.555,12.4,32.8,0.219
214,North Carolina NCAA,40,33,7,0.825,24.84,11.76,14,4,16,0,6,5,3377,2824,72.6,116,0.348,0.303,0.55,58.2,58.9,9.7,9.7,0.519,13.4,41.3,0.244
215,North Dakota State,30,19,11,0.633,-1.31,-2.63,11,5,11,2,7,7,2244,2146,68.8,107.4,0.384,0.372,0.561,50,47.1,8.8,10.1,0.526,14.8,25.7,0.273
216,North Dakota NCAA,32,22,10,0.688,-1.83,-5.45,14,4,11,2,7,6,2578,2357,72.9,108.8,0.364,0.305,0.573,50.5,52.6,10.6,7.5,0.542,15.7,26.8,0.26
217,North Florida,34,15,19,0.441,-7.78,-1.65,8,6,10,5,4,13,2637,2674,73.3,105.8,0.369,0.415,0.554,51.9,48.3,7.4,10,0.53,18.5,34.2,0.242
218,North Texas,30,8,22,0.267,-11.14,-3.32,2,16,7,11,1,11,2075,2258,71.6,96.2,0.362,0.333,0.507,48,45.7,9.2,8.4,0.477,16.7,26.9,0.234
219,Northeastern,31,15,16,0.484,-0.78,-0.91,8,10,7,4,7,10,2234,2230,67.2,105.9,0.378,0.433,0.563,49.7,54,8.1,9.9,0.535,16.4,25.6,0.257
220,Northern Arizona,32,9,23,0.281,-13.92,-5.95,6,12,5,7,2,12,2217,2436,71.1,97,0.34,0.394,0.504,51.5,57.2,6.2,5.4,0.47,17.5,31.2,0.233
221,Northern Colorado,29,11,18,0.379,-9.27,-4.2,7,11,6,6,4,11,2075,2167,70.5,100.7,0.354,0.439,0.533,50.7,53.6,7.1,6.1,0.516,17.3,28.1,0.214
222,Northern Illinois,32,15,17,0.469,-3.29,-2.05,7,11,9,8,6,9,2310,2261,69.3,101.8,0.385,0.273,0.516,52.2,41.9,10,7.6,0.48,16.1,33.4,0.261
223,Northern Iowa,30,14,16,0.467,1.29,5.22,9,9,9,4,3,9,1854,1931,64.7,94.4,0.334,0.45,0.513,44.4,47.9,10,8.5,0.472,15.9,18,0.244
224,Northern Kentucky NCAA,35,24,11,0.686,-0.17,-2.84,12,6,12,2,8,7,2659,2507,70.8,107.3,0.363,0.422,0.557,53.1,52.4,8.1,7.1,0.529,16.4,31.7,0.247
225,Northwestern State,29,13,16,0.448,-12.03,-6.07,7,11,7,6,5,10,2204,2301,73.4,102.7,0.426,0.327,0.54,49.6,53.9,9.1,6.8,0.502,17.7,31.3,0.294
226,Northwestern NCAA,36,24,12,0.667,14.02,8.43,10,8,14,4,5,5,2558,2357,66.6,106.8,0.304,0.357,0.534,50.6,59.1,7.9,13.2,0.497,13.8,30.7,0.227
227,Notre Dame NCAA,36,26,10,0.722,17.81,9.78,12,6,16,2,5,4,2783,2494,67.7,113.8,0.286,0.406,0.573,48.7,57.8,10.4,9.7,0.536,12.3,27.3,0.229
228,Oakland,34,25,9,0.735,4.22,-3,14,4,13,4,11,3,2699,2419,74.5,106.2,0.372,0.359,0.558,51.5,61.6,10.5,11.6,0.515,16,29.1,0.283
229,Ohio State,32,17,15,0.531,10.31,7.28,7,11,13,6,4,7,2329,2232,68.7,105.6,0.381,0.331,0.552,51.6,52.5,7.5,10.8,0.522,16.7,29.7,0.26
230,Ohio,31,20,11,0.645,3.9,-2.56,11,7,12,4,7,6,2387,2166,72.1,106.8,0.341,0.404,0.559,49.8,49.7,8.1,7.5,0.532,15.4,25.7,0.235
231,Oklahoma State NCAA,33,20,13,0.606,19.19,12.22,9,9,11,5,7,5,2828,2589,72.7,117.8,0.383,0.357,0.583,52.9,50.8,10.5,8.1,0.539,15.1,38.1,0.302
232,Oklahoma,31,11,20,0.355,11.42,12.62,5,13,8,7,1,9,2262,2299,71.1,100.6,0.368,0.3,0.517,50.5,41.6,9.5,12.7,0.475,16.4,30.9,0.265
233,Old Dominion,31,19,12,0.613,1.94,-1.35,12,6,11,4,7,5,1998,1896,63.8,100.2,0.341,0.275,0.487,54,58,9.8,14.5,0.456,14.5,35.5,0.219
234,Oral Roberts,30,8,22,0.267,-5.51,1.24,4,12,7,6,1,13,2252,2398,71.4,104.4,0.301,0.323,0.542,48.3,52.2,7.5,7.8,0.505,14.8,25.7,0.229
235,Oregon State,32,5,27,0.156,-4.59,5.89,1,17,5,11,0,13,2021,2321,67,93.9,0.337,0.348,0.517,47.9,52.7,8.2,10.4,0.488,20.1,27.2,0.223
236,Oregon NCAA,39,33,6,0.846,20.8,8.38,16,2,17,0,7,3,3076,2565,68.8,114.2,0.347,0.388,0.582,52.9,56.3,9.4,17.2,0.554,14.7,32.2,0.247
237,Pacific,33,11,22,0.333,-4.57,2.09,4,14,8,8,2,12,2206,2371,68,97.9,0.346,0.289,0.489,51.4,50.5,6.2,6,0.452,14.6,30.2,0.234
238,Penn State,33,15,18,0.455,7.9,8.9,6,12,9,7,3,7,2367,2400,71.5,98.5,0.329,0.341,0.515,47.6,54.4,9.3,14,0.473,15.8,26.6,0.245
239,Pennsylvania,28,13,15,0.464,-0.65,-1.5,6,8,6,6,7,8,1928,1904,67.4,101.8,0.26,0.43,0.535,49.3,56.5,9.6,10.6,0.516,16.6,27.5,0.171
240,Pepperdine,31,9,22,0.29,-10,1.87,5,13,7,7,1,12,2140,2490,69.8,98.8,0.3,0.266,0.517,47.8,52,7.3,7.1,0.495,15.8,26.2,0.192
241,Pittsburgh,33,16,17,0.485,9.25,11.06,4,14,11,6,2,8,2404,2464,67.2,106.8,0.394,0.399,0.555,50.1,58.6,5.6,8.7,0.514,15.5,28.2,0.289
242,Portland State,31,15,16,0.484,-7.06,-6.63,7,11,10,3,4,12,2645,2535,74.6,110.8,0.373,0.35,0.564,47.6,51.2,12.9,7.2,0.541,13.8,27.5,0.246
243,Portland,33,11,22,0.333,-5.81,2.32,2,16,5,10,2,9,2215,2383,67.5,98.4,0.365,0.32,0.526,47.6,42.9,7.2,9.7,0.482,16.8,25,0.27
244,Prairie View,33,13,20,0.394,-14.54,-8.48,10,8,10,3,3,17,2276,2419,68.9,99.4,0.358,0.369,0.529,44.9,51.3,11.9,10.6,0.493,16.8,25.1,0.252
245,Presbyterian,30,5,25,0.167,-23.63,-5.95,1,17,5,8,0,17,1836,2245,66.1,92.3,0.289,0.323,0.499,48.2,54.6,7.2,7.7,0.468,19.7,29.1,0.198
246,Princeton NCAA,30,23,7,0.767,6.57,-1.84,14,0,10,1,10,4,2149,1843,65.2,109.5,0.242,0.46,0.562,50,55.2,10.2,9.5,0.537,13.5,24.4,0.179
247,Providence NCAA,33,20,13,0.606,11.24,7.84,10,8,15,3,4,7,2319,2207,67.6,103.6,0.381,0.359,0.547,49.1,58.6,9.7,8.1,0.514,16.3,26.4,0.263
248,Purdue NCAA,35,27,8,0.771,20.13,8.79,14,4,15,2,6,4,2790,2393,70,112.6,0.333,0.383,0.589,54.9,65.3,7.3,6.1,0.557,16.1,30.7,0.252
249,Quinnipiac,31,10,21,0.323,-9.86,-3.22,7,13,6,8,3,10,2377,2583,74.8,101.7,0.33,0.349,0.512,50.9,52.7,7.6,8.5,0.479,16.2,34.1,0.226
250,Radford,32,14,18,0.438,-11.34,-4.58,8,10,8,6,4,11,2090,2247,65.7,97.9,0.294,0.397,0.509,53.5,52.8,7.2,9.1,0.482,18.6,34.3,0.196
251,Rhode Island NCAA,35,25,10,0.714,12.88,4.62,13,5,13,3,7,5,2577,2288,67.4,108.8,0.392,0.323,0.538,51.8,51,9.6,15.7,0.507,14,32.8,0.262
252,Rice,35,23,12,0.657,0.51,-4.16,11,7,13,6,9,5,2853,2650,74.4,108.4,0.419,0.41,0.581,52.3,51.2,8.4,8.9,0.542,17.6,28.8,0.31
253,Richmond,35,22,13,0.629,5.45,3.28,13,5,12,5,8,6,2596,2520,69.7,105.6,0.316,0.398,0.566,45.7,63.1,9.4,5.2,0.539,14.8,20.7,0.225
254,Rider,33,18,15,0.545,-5.34,-5.28,10,10,7,5,9,9,2498,2500,74,101.8,0.37,0.265,0.522,52.8,51.4,8.9,9.3,0.49,16.7,33.1,0.248
255,Robert Morris,33,14,19,0.424,-8.56,-5.13,9,9,6,7,6,12,2125,2238,69.9,91.7,0.413,0.316,0.489,48.1,47.8,11.3,6.5,0.451,18.6,29.4,0.267
256,Rutgers,33,15,18,0.455,3.69,6.22,3,15,10,6,3,10,2163,2215,67.3,97,0.321,0.255,0.477,53.2,44.5,9.7,13,0.45,16.2,37.4,0.2
257,Sacramento State,31,13,18,0.419,-10.69,-5.58,9,9,8,5,4,10,2204,2303,67.6,103.6,0.374,0.288,0.532,50.3,50.5,6.8,11.1,0.505,14.8,28.2,0.243
258,Sacred Heart,32,13,19,0.406,-10.95,-7.52,8,10,6,8,6,10,2326,2436,71.9,99.1,0.35,0.317,0.53,51.7,55.2,9.2,7.1,0.495,19,30.9,0.245
259,Saint Francis (PA),34,17,17,0.5,-8.13,-7.65,11,7,8,6,9,11,2577,2533,71.3,105.1,0.296,0.351,0.559,50,50.1,9.2,10.4,0.535,17.6,29,0.205
260,Saint Joseph's,31,11,20,0.355,0.14,3.69,4,14,6,8,4,9,2155,2265,69.7,99,0.401,0.297,0.501,50.5,46.6,6.9,10.7,0.466,14.7,29.8,0.261
261,Saint Louis,33,12,21,0.364,-6.09,1.85,6,12,10,8,1,10,2026,2288,65.5,93.1,0.344,0.388,0.502,48.1,60.4,7.5,8.5,0.47,17.9,24.2,0.229
262,Saint Mary's (CA) NCAA,34,29,5,0.853,16.75,2.19,16,2,15,2,10,1,2449,1954,61.3,117.6,0.278,0.414,0.602,57.2,63.1,6.9,8.5,0.578,15.2,33,0.207
263,Saint Peter's,36,23,13,0.639,1.6,-3.6,14,6,9,5,11,7,2376,2189,63.5,103.2,0.331,0.399,0.543,50.1,53.3,10.9,9.6,0.512,15.4,25.4,0.232
264,Sam Houston State,34,21,13,0.618,-7.55,-6.35,10,8,14,2,5,9,2526,2424,72.8,101.6,0.367,0.327,0.523,52.2,56.5,9.6,8,0.489,16.2,31.5,0.252
265,Samford,36,20,16,0.556,-1.87,-3.7,8,10,10,6,8,9,2834,2733,69.9,108.8,0.426,0.347,0.578,50.4,60.8,8.5,6.6,0.537,16.7,28.7,0.316
266,San Diego State,33,19,14,0.576,6.88,1.47,9,9,10,4,3,9,2260,2064,67,101.8,0.353,0.392,0.515,50.9,46,10.2,14,0.478,15,30,0.247
267,San Diego,31,13,18,0.419,-5.78,0.92,6,12,7,10,6,7,2025,2210,64.8,98.7,0.369,0.453,0.527,49.3,56.5,5.9,4.9,0.486,16.5,24.1,0.266
268,San Francisco,33,20,13,0.606,3.8,0.42,10,8,12,4,5,7,2362,2222,69.4,103.2,0.266,0.442,0.542,50.5,49.3,9.6,7.3,0.526,16,27.1,0.169
269,San Jose State,30,14,16,0.467,-2.84,1.74,7,11,9,7,5,8,2195,2245,72.1,101.1,0.367,0.328,0.534,49.7,54,8.7,10.9,0.498,15.5,25.4,0.258
270,Santa Clara,33,17,16,0.515,2.69,2.03,10,8,11,6,5,7,2204,2158,63.8,103.1,0.253,0.466,0.551,46.8,59.6,8,5.7,0.525,14.6,19.1,0.185
271,Savannah State,29,13,16,0.448,-16.04,-8.44,10,6,7,4,6,10,2485,2665,83.3,102.4,0.325,0.582,0.53,45.3,60.1,9.3,7.9,0.507,15.5,27.3,0.21
272,Seattle,30,13,17,0.433,-8.36,-3.95,5,9,9,7,3,9,2091,2141,70.1,97.4,0.348,0.459,0.545,47.1,66.8,9.3,6.1,0.512,18.5,21.9,0.246
273,Seton Hall NCAA,33,21,12,0.636,12.1,9.25,10,8,12,2,4,6,2417,2323,69,104.9,0.376,0.307,0.526,54.7,46.4,9.9,6.6,0.499,16.4,35.7,0.242
274,Siena,34,17,17,0.5,-2,-2.23,12,8,10,4,5,12,2549,2541,70.7,105.6,0.4,0.286,0.539,53.1,51.2,8.2,10.3,0.499,16.7,35.5,0.284
275,South Alabama,32,14,18,0.438,-6.57,-2.9,7,11,10,7,4,10,2286,2322,70.8,99.4,0.39,0.378,0.519,47.7,51.5,10.4,10.7,0.487,16,27.6,0.256
276,South Carolina State,31,11,20,0.355,-18.37,-6.61,7,9,6,4,4,14,2167,2486,69.8,99.3,0.305,0.313,0.512,45.6,47.7,7.1,5.3,0.481,15.3,28.2,0.211
277,South Carolina Upstate,33,17,16,0.515,-7.64,-5.23,7,7,8,8,7,8,2575,2530,71.1,108.6,0.312,0.402,0.549,51.4,54.3,7.5,7.9,0.528,15.2,32.1,0.205
278,South Carolina NCAA,37,26,11,0.703,17.52,10.16,12,6,15,3,6,5,2707,2414,69.9,102.9,0.398,0.334,0.518,50.8,50.6,11,11.1,0.477,15.5,33.5,0.278
279,South Dakota State NCAA,35,18,17,0.514,-2.3,-0.66,8,8,11,3,3,12,2683,2697,69.2,109.6,0.404,0.456,0.581,50.7,52.1,7.4,7.2,0.537,16.4,27.4,0.311
280,South Dakota,34,22,12,0.647,-0.42,-2.08,12,4,13,1,7,7,2639,2513,73,105.9,0.417,0.321,0.539,50.7,45.8,9.3,8.8,0.499,14.1,28.2,0.294
281,South Florida,30,7,23,0.233,-7.28,2.39,1,17,6,11,1,11,1945,2235,69.2,93.3,0.306,0.299,0.504,48.5,51,8.8,11.3,0.477,20.2,30.5,0.201
282,Southeast Missouri State,33,15,18,0.455,-5.89,-4.28,9,7,10,4,4,11,2460,2464,70.1,105.6,0.35,0.377,0.556,46.8,53.3,10.6,5.9,0.518,15.6,25.3,0.26
283,Southeastern Louisiana,32,16,16,0.5,-7.36,-8.13,9,9,11,3,5,12,2268,2182,69.6,101.9,0.381,0.335,0.542,52.8,57.2,9.8,9.2,0.51,19.7,35.1,0.26
284,Southern California NCAA,36,26,10,0.722,11.48,6.4,10,8,14,3,6,5,2816,2633,70.1,111.2,0.368,0.366,0.56,50.3,56.4,9.9,13.3,0.522,13.7,30.9,0.273
285,SIU Edwardsville,30,6,24,0.2,-12.25,-3.29,1,15,3,10,2,13,2044,2282,70.9,95.3,0.463,0.288,0.497,50.5,44.4,6.6,7.4,0.45,17.5,31.3,0.313
286,Southern Illinois,33,17,16,0.515,1.09,2.65,9,9,11,6,5,9,2260,2289,66.4,101.6,0.361,0.297,0.517,48.9,46.4,10.1,11.2,0.48,15.4,29.8,0.251
287,Southern Methodist NCAA,35,30,5,0.857,18.71,4.45,17,1,18,0,8,3,2599,2100,63.7,116.6,0.36,0.365,0.574,56.3,61.9,9,11.1,0.547,14.3,37.1,0.251
288,Southern Mississippi,31,9,22,0.29,-13.4,-2.78,6,12,8,6,1,12,1952,2239,67.6,91.7,0.304,0.379,0.493,48.2,54.5,6.8,6.4,0.457,17,23,0.215
289,Southern Utah,33,6,27,0.182,-15.58,-5.39,3,15,3,10,2,14,2559,2814,74.1,103.5,0.43,0.407,0.53,49.7,46.7,7.5,9.2,0.479,15.8,29.7,0.318
290,Southern,33,15,18,0.455,-14.48,-11.68,10,8,11,4,4,13,2360,2401,69.9,101.9,0.417,0.27,0.522,50.8,46.5,7.9,9.1,0.48,16.7,34.1,0.29
291,St. Bonaventure,32,20,12,0.625,5.95,1.48,11,7,11,4,5,5,2459,2316,70.6,108.1,0.424,0.31,0.549,51.2,51.3,10.1,12.4,0.497,15.2,33,0.326
292,St. Francis (NY),31,4,27,0.129,-19.24,-6.54,2,16,3,10,0,16,1921,2284,68.7,89.4,0.329,0.423,0.444,45.5,44.2,9.7,7.3,0.406,14.9,29,0.214
293,St. John's (NY),33,14,19,0.424,6.45,8.39,7,11,9,5,4,9,2534,2598,73.9,103.9,0.361,0.382,0.541,46.9,51.5,9.2,15.2,0.503,15.6,27.3,0.262
294,Stanford,31,14,17,0.452,6.39,8.59,6,12,10,5,1,10,2162,2204,69.4,100.1,0.386,0.28,0.521,50.9,54.5,9.8,7.8,0.485,16.1,29.6,0.263
295,Stephen F. Austin,33,18,15,0.545,-7.01,-5.75,12,6,12,2,4,10,2289,2271,69.3,99.4,0.419,0.345,0.544,53.1,52.2,9.7,8.9,0.501,21.6,34.8,0.302
296,Stetson,32,11,21,0.344,-14.21,-5.45,3,11,7,7,4,13,2471,2654,74.9,102.6,0.331,0.384,0.532,44.9,49.2,6.4,5.2,0.506,13.5,21.8,0.218
297,Stony Brook,32,18,14,0.563,-4.71,-5.05,12,4,10,6,7,8,2215,2204,66.9,103.4,0.329,0.407,0.51,48.9,51.5,8.1,9.4,0.471,13,29.5,0.237
298,Syracuse,34,19,15,0.559,13.7,8.47,10,8,17,4,2,8,2594,2416,67.9,111.6,0.351,0.406,0.57,49.3,59.5,11.8,13.8,0.535,15.5,31.6,0.259
299,Temple,32,16,16,0.5,4.84,5.09,7,11,9,7,4,8,2269,2277,67.9,103.2,0.264,0.421,0.526,47.5,57.4,9.5,10.5,0.497,14.5,27.5,0.191
300,Tennessee-Martin,35,22,13,0.629,-4.7,-4.34,10,6,14,2,7,10,2693,2630,69.8,109,0.333,0.393,0.563,53.2,57.5,9.2,10.4,0.537,18.1,37.6,0.229
301,Tennessee State,30,17,13,0.567,-1.57,-2.96,8,8,7,5,8,7,2134,2032,68.7,101.8,0.41,0.299,0.532,53.3,45.6,9.6,11.9,0.493,18.4,34.6,0.283
302,Tennessee Tech,32,12,20,0.375,-7.6,-4.17,8,8,7,8,5,11,2317,2340,70.1,101.7,0.384,0.399,0.527,49.6,55.4,9.4,10.5,0.487,16.5,30.1,0.272
303,Tennessee,32,16,16,0.5,11.28,10.18,8,10,11,6,4,7,2383,2335,71.5,103.7,0.424,0.304,0.521,50.5,54.9,7.6,12,0.472,14.9,31.9,0.309
304,Texas A&M-Corpus Christi,36,24,12,0.667,-2.97,-5.79,12,6,16,2,7,9,2715,2574,70.5,105.8,0.382,0.284,0.555,49.5,49.9,13.1,12.2,0.517,16.5,29.8,0.276
305,Texas A&M,31,16,15,0.516,10.36,7.97,8,10,11,5,3,7,2176,2102,66.8,105.1,0.333,0.327,0.536,53.7,60.8,9,15.4,0.512,17.8,37.5,0.216
306,Texas-Arlington,36,27,9,0.75,5.92,-0.87,14,4,14,1,12,7,2818,2516,71.3,109.8,0.345,0.424,0.558,52.1,56.7,10.4,7.1,0.532,15.8,33,0.235
307,Texas Christian,39,24,15,0.615,15.64,10.95,6,12,15,6,4,8,2914,2718,68.3,108.8,0.323,0.346,0.553,52.7,62.1,9.6,11.9,0.527,16.1,34.3,0.222
308,Texas-El Paso,32,15,17,0.469,-3.13,-2.51,12,6,8,8,5,6,2217,2202,68.1,100.1,0.36,0.299,0.547,50.3,57,7.8,9.4,0.521,17.4,22.5,0.239
309,Texas-Rio Grande Valley,32,10,22,0.313,-11.44,-3.68,2,12,7,7,1,14,2505,2665,76.6,100.3,0.334,0.4,0.527,48.1,55.7,9.8,6.7,0.491,17.6,29.7,0.24
310,Texas-San Antonio,33,14,19,0.424,-7.42,-3.03,8,10,11,3,2,15,2178,2291,69.3,95.2,0.359,0.31,0.475,52.6,46.4,8,5.4,0.436,15.4,32.4,0.239
311,Texas Southern NCAA,35,23,12,0.657,-6.41,-7.81,16,2,10,0,11,11,2593,2544,69.7,105.5,0.443,0.344,0.532,48.4,47.2,10.2,7.4,0.481,14.3,31.6,0.326
312,Texas State,36,22,14,0.611,-2.23,-4.29,11,7,13,4,5,9,2407,2256,64.4,102.7,0.36,0.34,0.532,50.3,60.8,10.1,13.2,0.504,15.7,28.9,0.238
313,Texas Tech,32,18,14,0.563,14.11,7.86,6,12,16,3,1,9,2346,2146,65.9,109.6,0.356,0.325,0.565,52.3,51.1,7.9,10.1,0.53,14.6,30.1,0.261
314,Texas,33,11,22,0.333,10.99,12.75,4,14,10,7,0,11,2215,2273,68.5,97.9,0.345,0.335,0.515,48.9,46.4,8.4,11.8,0.488,17.1,28.4,0.224
315,Toledo,34,17,17,0.5,1.16,-0.9,9,9,12,4,4,10,2675,2567,69.2,109.7,0.384,0.368,0.575,52.8,58.4,5.5,6.2,0.547,16.1,29.1,0.267
316,Towson,33,20,13,0.606,1.84,-1.28,11,7,12,3,6,8,2447,2285,68.8,106.6,0.457,0.263,0.529,55.6,40.9,9.8,11.1,0.488,15.6,37.3,0.312
317,Troy NCAA,37,22,15,0.595,-0.47,-3.36,10,8,10,4,6,10,2889,2667,70.1,110.9,0.393,0.403,0.565,51.8,49.3,8.5,9.8,0.528,15.3,31.6,0.285
318,Tulane,31,6,25,0.194,-3.98,4.25,3,15,4,10,2,10,2179,2434,71.1,97.7,0.343,0.368,0.505,47.3,53,8.6,10.2,0.464,16.3,29.3,0.246
319,Tulsa,32,15,17,0.469,2.45,5.29,8,10,10,5,3,9,2158,2249,67.8,99.1,0.428,0.408,0.536,51.1,51.6,6.7,7.3,0.489,19,29.4,0.312
320,UCLA NCAA,36,31,5,0.861,20.67,6.39,15,3,16,1,8,2,3233,2719,74.2,121,0.268,0.376,0.618,52.4,63.7,7.9,12.5,0.598,13.4,28.9,0.198
321,Utah State,32,15,17,0.469,2.9,2.46,7,11,11,5,3,8,2337,2248,68.9,105.6,0.351,0.363,0.563,51.2,59.4,7.2,7.9,0.534,15.9,24.7,0.245
322,Utah Valley,34,17,17,0.5,-1.22,-2.44,6,8,8,5,8,11,2615,2479,75.5,100.1,0.378,0.462,0.547,51.2,59.8,8.3,8.6,0.511,17.9,24.2,0.268
323,Utah,32,20,12,0.625,12.45,4.32,11,7,14,4,5,6,2511,2180,70.1,111,0.335,0.328,0.584,54.9,50.9,8.6,9,0.562,16.7,30.9,0.228
324,Valparaiso,33,24,9,0.727,3.94,-1.59,14,4,15,2,7,6,2465,2274,70,105.9,0.372,0.35,0.548,52.9,49.8,9.1,8,0.5,15.9,30.8,0.289
325,Vanderbilt NCAA,35,19,16,0.543,13.69,10.72,10,8,11,5,5,6,2489,2385,67.1,105.6,0.348,0.486,0.563,50,55.2,6.2,9.8,0.521,16.3,24.7,0.271
326,Vermont NCAA,35,29,6,0.829,6.67,-3.27,16,0,16,1,11,3,2571,2174,65.4,112.4,0.341,0.325,0.58,52.8,50.5,8.7,11.4,0.554,15,30.3,0.239
327,Villanova NCAA,36,32,4,0.889,23.8,9.28,15,3,14,1,9,2,2779,2256,65.6,117.6,0.35,0.433,0.612,53,52.3,11,9,0.575,15,30,0.276
328,Virginia Commonwealth NCAA,35,26,9,0.743,11.57,3.77,14,4,15,1,7,4,2616,2343,69,106.8,0.364,0.294,0.544,51.8,55.6,10.7,10.6,0.51,15.3,31.2,0.257
329,VMI,30,6,24,0.2,-13.91,-1.8,3,15,5,9,1,14,2057,2346,70.2,97.6,0.281,0.442,0.51,46.9,48.6,8.9,10.4,0.481,16.4,27.2,0.194
330,Virginia Tech NCAA,33,22,11,0.667,12.77,8.38,10,8,15,2,4,6,2610,2465,69.8,112.5,0.409,0.397,0.603,48.2,56,5.6,7,0.569,15.5,23.4,0.301
331,Virginia NCAA,34,23,11,0.676,20.63,10.93,11,7,12,4,7,5,2246,1916,60.3,107.9,0.26,0.33,0.548,52.3,56.4,9.1,13.9,0.524,13.7,28.2,0.184
332,Wagner,30,16,14,0.533,-7.13,-7.89,11,7,8,7,8,7,2047,1973,65,103.7,0.349,0.325,0.516,55,44.8,7.4,10.3,0.481,17.6,40.4,0.241
333,Wake Forest NCAA,33,19,14,0.576,14.19,9.8,9,9,11,3,5,8,2733,2588,71.7,115.5,0.407,0.357,0.586,51.9,55.5,7.7,10.1,0.541,14.3,30.7,0.317
334,Washington State,31,13,18,0.419,0.13,6.87,6,12,9,7,2,7,2179,2376,69.4,100.9,0.28,0.33,0.553,46.9,56.6,6,7,0.521,16.5,19.9,0.212
335,Washington,31,9,22,0.29,2.15,6.82,2,16,7,9,1,11,2368,2513,72.8,104.5,0.309,0.328,0.53,51.6,46.7,8.3,12.8,0.506,16,35,0.202
336,Weber State,34,20,14,0.588,-2.32,-5.13,12,6,10,3,7,8,2714,2505,69.5,113.2,0.422,0.401,0.606,48,48.8,7.3,7.7,0.57,14.5,21,0.313
337,West Virginia NCAA,37,28,9,0.757,24.45,9.67,12,6,16,2,6,4,3014,2467,71.4,112.2,0.389,0.325,0.545,52.1,57.3,13.8,14.2,0.513,14.1,37.7,0.266
338,Western Carolina,32,9,23,0.281,-15.3,-0.7,4,14,6,8,3,13,1965,2347,69.4,88.4,0.286,0.321,0.469,50.5,50.5,8.9,7.3,0.44,19.8,32.4,0.187
339,Western Illinois,28,8,20,0.286,-11,-2.38,5,11,5,8,3,11,2012,2151,70.9,99.1,0.291,0.4,0.541,47.9,52.7,6.4,10.8,0.513,16.2,18.6,0.206
340,Western Kentucky,32,15,17,0.469,-5.8,-2.89,9,9,11,3,4,12,2209,2302,67.5,102.3,0.372,0.343,0.531,50.3,51.1,6.6,9,0.5,15.7,27.2,0.25
341,Western Michigan,32,16,16,0.5,-0.78,-0.55,11,7,13,2,3,9,2417,2408,70.7,106.4,0.358,0.294,0.539,52,48,8.1,8,0.505,15.1,31.8,0.252
342,Wichita State NCAA,36,31,5,0.861,21.24,2.96,17,1,16,1,9,1,2916,2246,69.4,116.7,0.401,0.364,0.579,56.1,59.1,9.4,11.4,0.543,13.9,34.2,0.294
343,William & Mary,31,17,14,0.548,-0.14,-0.73,10,8,13,1,3,12,2534,2411,71.8,112.9,0.381,0.409,0.593,51,61.2,7.4,13.5,0.569,15.4,26.3,0.264
344,Winthrop NCAA,33,26,7,0.788,1.34,-6.12,15,3,13,3,12,3,2615,2322,71.5,108.3,0.37,0.429,0.568,50.3,47.5,8.9,13.1,0.535,15.7,27.1,0.266
345,Wisconsin NCAA,37,27,10,0.73,19.4,9.4,12,6,15,2,5,5,2678,2308,64.5,110.7,0.329,0.369,0.542,54.7,51.9,10.3,9.8,0.521,14.3,35.7,0.212
346,Wofford,33,16,17,0.485,-0.71,-1.08,10,8,11,2,4,10,2593,2479,68.2,112.6,0.321,0.4,0.584,50.3,61.3,8,5.7,0.548,15.4,29,0.25
347,Wright State,32,20,12,0.625,-1.02,-2.42,11,7,12,4,8,7,2465,2317,71.6,106.8,0.393,0.412,0.571,51.8,57.8,7.8,6.8,0.527,18,29.8,0.3
348,Wyoming,38,23,15,0.605,2.83,0.55,8,10,19,3,3,10,2961,2833,74,103.6,0.375,0.466,0.555,49.2,56.9,6.8,11.1,0.517,15.8,22.9,0.274
349,Xavier NCAA,38,24,14,0.632,14.8,11.51,9,9,12,4,4,8,2836,2711,68.3,109,0.41,0.361,0.553,54.4,57,8.8,7.7,0.519,15.7,34.4,0.283
350,Yale,29,18,11,0.621,0.21,-2.19,9,5,10,3,7,7,2151,2028,68.2,108.3,0.336,0.354,0.564,52.4,58.8,8.2,11.5,0.531,16.5,31.4,0.246
351,Youngstown State,34,13,21,0.382,-9.75,-2.56,5,13,7,7,3,12,2616,2801,73.7,102.1,0.27,0.336,0.52,47.4,52.3,7.3,7.5,0.496,13.9,26.5,0.181
