Rk,School,Overall G,Overall W,Overall L,Overall W-L%,Overall SRS,Overall SOS,Conference W,Conference L,Home W,Home L,Away W,Away L,Points Team,Points Opponent,MP,Opponent Totals FG,Opponent Totals FGA,Opponent Totals FG%,Opponent Totals 3P,Opponent Totals 3PA,Opponent Totals 3P%,Opponent Totals FT,Opponent Totals FTA,Opponent Totals FT%,Opponent Totals ORB,Opponent Totals TRB,Opponent Totals AST,Opponent Totals STL,Opponent Totals BLK,Opponent Totals TOV,Opponent Totals PF
1,Abilene Christian,31,13,18,0.419,-13.93,-7.53,8,10,10,5,2,12,2209,2272,1250,792,1662,0.477,168,486,0.346,520,735,0.707,266,1031,376,160,98,448,596
2,Air Force,32,14,18,0.438,-5.51,0.66,5,13,12,5,2,13,2189,2330,1300,784,1823,0.43,290,843,0.344,472,667,0.708,326,1187,470,211,133,436,664
3,Akron,35,26,9,0.743,5.55,-1.24,13,5,15,0,6,8,2682,2381,1405,862,2103,0.41,205,698,0.294,452,667,0.678,401,1315,393,206,80,408,630
4,Alabama A&M,29,11,18,0.379,-13.47,-10.75,6,12,6,5,4,12,1974,2042,1175,726,1599,0.454,168,520,0.323,422,637,0.662,307,1025,351,171,84,316,590
5,Alabama-Birmingham,33,26,7,0.788,3.5,-3.07,16,2,16,0,10,4,2606,2323,1340,841,2017,0.417,233,712,0.327,408,589,0.693,390,1144,430,205,103,417,590
6,Alabama State,31,14,17,0.452,-13.11,-9.35,9,9,8,3,5,12,2217,2308,1260,808,1744,0.463,193,569,0.339,499,768,0.65,324,1170,404,187,106,400,548
7,Alabama,33,18,15,0.545,7.14,8.62,8,10,10,4,5,8,2193,2242,1330,769,1878,0.409,211,642,0.329,493,735,0.671,431,1259,370,189,96,402,647
8,Albany (NY),33,24,9,0.727,0.93,-7.57,13,3,14,1,10,8,2495,2180,1335,801,1899,0.422,229,750,0.305,349,516,0.676,310,1027,404,177,131,428,695
9,Alcorn State,30,15,15,0.5,-16.01,-9.94,13,5,9,2,6,9,2014,2164,1225,748,1673,0.447,215,592,0.363,453,646,0.701,324,1038,384,205,95,357,583
10,American,31,12,19,0.387,-14.18,-6.08,9,9,5,7,7,12,1785,2036,1250,735,1568,0.469,147,473,0.311,419,628,0.667,284,992,362,225,75,370,530
11,Appalachian State,31,9,22,0.29,-7.91,-1.1,7,13,6,7,2,12,2187,2398,1240,856,1852,0.462,183,474,0.386,503,738,0.682,357,1157,373,197,116,349,673
12,Arizona State,32,15,17,0.469,8.28,8.96,5,13,11,6,3,9,2345,2367,1290,830,1812,0.458,224,633,0.354,483,690,0.7,302,1159,483,186,150,411,670
13,Arizona NCAA,34,25,9,0.735,18.79,7.23,12,6,17,1,5,5,2735,2342,1390,853,2067,0.413,204,646,0.316,432,606,0.713,320,1055,412,187,117,388,743
14,Arkansas-Little Rock NCAA,35,30,5,0.857,7.12,-1.76,17,3,14,0,12,4,2487,2129,1415,720,1825,0.395,226,721,0.313,463,677,0.684,353,1190,377,140,96,486,609
15,Arkansas-Pine Bluff,33,8,25,0.242,-19.31,-5.52,6,12,3,6,4,17,1867,2322,1325,747,1701,0.439,180,557,0.323,648,913,0.71,408,1248,441,271,99,438,524
16,Arkansas State,31,11,20,0.355,-7.48,-2.37,7,13,9,6,2,14,2282,2353,1260,791,1983,0.399,259,737,0.351,512,757,0.676,401,1257,399,195,94,355,675
17,Arkansas,32,16,16,0.5,10.23,6.76,9,9,13,4,3,8,2501,2390,1305,803,1844,0.435,231,644,0.359,553,790,0.7,349,1187,447,165,140,454,658
18,Army,33,19,14,0.576,-7.32,-8.13,9,9,7,8,11,6,2539,2474,1350,918,2064,0.445,199,575,0.346,439,656,0.669,342,1230,417,235,111,402,646
19,Auburn,31,11,20,0.355,0.15,7.54,5,13,8,7,2,11,2192,2421,1245,832,1877,0.443,232,667,0.348,525,752,0.698,376,1270,439,187,122,400,656
20,Austin Peay NCAA,36,18,18,0.5,-6.04,-2.98,7,9,7,7,7,9,2740,2765,1460,995,2159,0.461,302,840,0.36,471,667,0.706,378,1236,524,252,108,478,765
21,Ball State,35,21,14,0.6,0.11,-2.98,10,8,13,6,6,8,2479,2338,1430,790,1951,0.405,242,697,0.347,516,732,0.705,335,1189,399,230,75,397,638
22,Baylor NCAA,34,22,12,0.647,16.13,9.76,10,8,15,5,6,5,2621,2366,1375,823,1843,0.447,233,638,0.365,485,693,0.7,314,1011,598,223,134,463,666
23,Belmont,32,20,12,0.625,1.19,-2.1,12,4,11,1,8,10,2638,2510,1285,873,1977,0.442,242,689,0.351,522,725,0.72,370,1137,420,229,100,390,665
24,Bethune-Cookman,32,14,18,0.438,-14.35,-9.18,10,6,9,2,5,13,2258,2330,1295,830,1923,0.432,228,672,0.339,442,647,0.683,428,1258,478,173,86,389,582
25,Binghamton,30,8,22,0.267,-14.08,-6.35,5,11,5,9,3,13,1827,2059,1205,728,1675,0.435,204,606,0.337,399,576,0.693,298,1108,397,211,84,372,553
26,Boise State,32,20,12,0.625,7.23,3.13,11,7,14,2,5,7,2480,2246,1290,785,1765,0.445,234,669,0.35,442,631,0.7,264,1054,388,169,105,472,675
27,Boston College,32,7,25,0.219,-1.61,7.67,0,18,6,11,0,10,1959,2256,1285,796,1732,0.46,224,587,0.382,440,641,0.686,302,1175,467,234,110,415,504
28,Boston University,34,19,15,0.559,-6.79,-6.37,11,7,9,6,10,9,2483,2464,1375,875,2009,0.436,247,744,0.332,467,681,0.686,346,1184,486,217,90,406,628
29,Bowling Green State,34,16,18,0.471,-5.88,-1.85,5,13,7,8,7,8,2400,2457,1360,853,1978,0.431,278,745,0.373,473,685,0.691,350,1208,379,207,103,403,684
30,Bradley,32,5,27,0.156,-10.91,3.7,3,15,4,11,1,12,1793,2238,1290,737,1675,0.44,188,544,0.346,576,866,0.665,288,1121,397,247,99,374,647
31,Brigham Young,37,26,11,0.703,12.36,2.36,13,5,17,2,6,6,3093,2692,1485,943,2269,0.416,287,863,0.333,519,725,0.716,359,1340,509,205,136,487,728
32,Brown,28,8,20,0.286,-8.05,-2.82,3,11,7,6,1,13,2040,2155,1140,757,1726,0.439,218,613,0.356,423,617,0.686,338,1092,401,217,97,324,551
33,Bryant,31,8,23,0.258,-18.58,-6.71,5,13,4,10,4,13,2018,2361,1250,841,1880,0.447,251,759,0.331,428,589,0.727,378,1217,480,215,114,346,501
34,Bucknell,31,17,14,0.548,-2.09,-5.89,14,4,8,7,9,7,2448,2288,1265,779,1824,0.427,229,654,0.35,501,747,0.671,321,1067,447,218,132,404,663
35,Buffalo NCAA,35,20,15,0.571,1.34,0.9,10,8,10,5,5,9,2709,2634,1410,906,2098,0.432,256,755,0.339,566,790,0.716,378,1273,458,197,117,464,720
36,Butler NCAA,33,22,11,0.667,16.46,7.55,10,8,13,3,5,5,2638,2344,1325,818,1879,0.435,231,683,0.338,477,672,0.71,309,1082,414,152,145,432,670
37,Cal Poly,30,10,20,0.333,-3.49,0.9,4,12,5,7,3,12,2171,2255,1220,792,1720,0.46,213,547,0.389,458,658,0.696,287,1102,455,152,99,326,566
38,Cal State Bakersfield NCAA,33,24,9,0.727,2.58,-5.15,11,3,14,1,7,7,2405,2104,1330,696,1764,0.395,198,605,0.327,514,747,0.688,347,1128,339,177,108,499,657
39,Cal State Fullerton,30,10,20,0.333,-7.12,-0.76,3,13,5,8,5,9,2104,2227,1205,752,1753,0.429,238,677,0.352,485,664,0.73,307,1096,436,162,118,341,611
40,Cal State Northridge,30,10,20,0.333,-6.85,-0.85,5,11,5,7,4,12,2143,2261,1225,799,1815,0.44,232,600,0.387,431,630,0.684,348,1150,462,196,113,415,628
41,UC-Davis,30,11,19,0.367,-5.58,-1.26,6,10,8,7,3,11,1914,1980,1225,707,1710,0.413,196,632,0.31,370,517,0.716,296,1057,409,223,103,408,566
42,UC-Irvine,38,28,10,0.737,5.33,0.77,13,3,11,2,13,5,2706,2512,1535,847,2210,0.383,272,815,0.334,546,745,0.733,403,1325,530,204,93,441,716
43,UC-Riverside,33,14,19,0.424,-5.66,-3.08,5,11,7,9,7,9,2299,2300,1320,796,1861,0.428,198,583,0.34,510,713,0.715,321,1136,428,208,115,392,608
44,UC-Santa Barbara,33,19,14,0.576,3.79,1.44,11,5,6,5,10,6,2335,2219,1325,736,1842,0.4,229,764,0.3,518,750,0.691,340,1178,410,171,95,403,545
45,University of California NCAA,34,23,11,0.676,15.39,7.87,12,6,18,0,4,7,2545,2289,1375,789,1989,0.397,183,527,0.347,528,745,0.709,327,1126,369,172,100,329,693
46,Campbell,30,12,18,0.4,-11.07,-6.67,5,13,7,9,5,8,2207,2203,1205,783,1708,0.458,198,538,0.368,439,649,0.676,314,1109,357,180,76,404,596
47,Canisius,33,14,19,0.424,-5.62,-3.77,8,12,7,7,4,11,2526,2587,1355,892,1872,0.476,273,718,0.38,530,730,0.726,353,1228,526,175,114,455,663
48,Central Arkansas,28,7,21,0.25,-15.17,-6.81,6,12,4,6,2,14,2110,2344,1120,811,1729,0.469,239,618,0.387,483,669,0.722,303,1028,443,196,114,324,553
49,Central Connecticut State,29,4,25,0.138,-22.35,-9.24,3,15,3,11,1,14,1888,2268,1175,843,1775,0.475,208,580,0.359,374,542,0.69,309,1096,444,204,114,299,495
50,Central Florida,30,12,18,0.4,0.18,3.01,6,12,8,8,4,9,2062,2147,1210,799,1925,0.415,217,671,0.323,332,482,0.689,367,1089,440,224,92,277,552
51,Central Michigan,33,17,16,0.515,-0.67,-1.3,10,8,13,4,4,8,2495,2401,1325,861,1938,0.444,231,665,0.347,448,646,0.693,367,1232,418,141,82,355,611
52,Charleston Southern,30,9,21,0.3,-10.92,-2.59,5,13,6,8,3,12,2146,2253,1210,783,1708,0.458,242,658,0.368,445,624,0.713,267,1101,410,173,118,376,513
53,Charlotte,33,14,19,0.424,-3.14,-1.72,9,9,8,7,5,8,2584,2631,1340,961,1994,0.482,264,672,0.393,445,617,0.721,314,1200,438,189,117,441,595
54,Chattanooga NCAA,35,29,6,0.829,3.24,-3.46,15,3,13,1,10,4,2652,2364,1410,866,1967,0.44,235,711,0.331,397,584,0.68,344,1133,442,226,132,494,692
55,Chicago State,32,4,28,0.125,-17.52,-1.38,0,14,4,9,0,15,2140,2478,1280,826,1821,0.454,291,763,0.381,535,787,0.68,366,1287,552,215,133,469,560
56,Cincinnati NCAA,33,22,11,0.667,15.19,5.25,12,6,14,3,6,6,2418,2090,1355,750,1907,0.393,240,672,0.357,350,515,0.68,373,1136,380,169,109,446,575
57,Citadel,32,10,22,0.313,-15.95,-4.75,3,15,6,8,3,13,2753,2962,1285,1052,2050,0.513,226,642,0.352,632,900,0.702,413,1440,551,218,130,536,645
58,Clemson,31,17,14,0.548,12.03,6.87,10,8,13,4,3,8,2159,1999,1250,723,1725,0.419,205,583,0.352,348,492,0.707,327,1060,375,157,88,357,557
59,Cleveland State,32,9,23,0.281,-9.17,0.09,4,14,5,9,3,10,1947,2169,1285,738,1662,0.444,200,587,0.341,493,751,0.656,336,1121,436,203,102,431,562
60,Coastal Carolina,33,21,12,0.636,-1.85,-4.22,12,6,14,4,7,5,2410,2196,1325,780,1980,0.394,249,820,0.304,387,591,0.655,366,1181,390,197,91,362,599
61,Colgate,30,13,17,0.433,-8.61,-6.06,9,9,8,4,5,13,2093,2145,1220,734,1599,0.459,222,595,0.373,455,664,0.685,301,1043,384,166,108,386,530
62,College of Charleston,31,17,14,0.548,2.37,0.04,8,10,10,5,6,8,2028,1921,1250,657,1548,0.424,173,535,0.323,434,660,0.658,274,1056,312,165,103,441,571
63,Colorado State,34,18,16,0.529,2.31,1.53,8,10,12,5,3,8,2700,2626,1400,918,2037,0.451,283,804,0.352,507,703,0.721,305,1176,470,206,103,357,774
64,Colorado NCAA,34,22,12,0.647,12.04,7.64,10,8,16,1,4,7,2576,2407,1370,852,2038,0.418,212,596,0.356,491,716,0.686,322,1140,357,254,153,371,698
65,Columbia,35,25,10,0.714,3.45,-2.55,10,4,18,4,7,6,2670,2399,1415,842,1916,0.439,262,737,0.355,453,659,0.687,311,1155,454,161,108,449,635
66,Connecticut NCAA,36,25,11,0.694,15.89,6.28,11,7,14,3,6,4,2631,2285,1460,785,2032,0.386,240,736,0.326,475,719,0.661,393,1242,409,184,129,431,592
67,Coppin State,31,9,22,0.29,-15.75,-6.06,6,10,5,7,3,14,2240,2497,1280,881,1872,0.471,222,602,0.369,513,799,0.642,399,1283,461,176,123,429,647
68,Cornell,28,10,18,0.357,-9.55,-1.04,3,11,5,8,5,10,1992,2193,1130,765,1723,0.444,220,613,0.359,443,602,0.736,370,1198,458,156,106,407,512
69,Creighton,35,20,15,0.571,13.69,6.44,9,9,14,5,4,9,2787,2533,1400,901,2088,0.432,244,705,0.346,487,700,0.696,341,1230,459,224,111,441,698
70,Dartmouth,28,10,18,0.357,-5.58,-3.29,4,10,8,6,2,12,1992,1989,1130,678,1505,0.45,212,611,0.347,421,635,0.663,271,934,362,189,133,409,570
71,Davidson,33,20,13,0.606,5.74,5.14,10,8,15,1,3,10,2608,2576,1325,945,2059,0.459,252,727,0.347,434,617,0.703,373,1294,464,183,106,378,643
72,Dayton NCAA,33,25,8,0.758,11.34,4.76,14,4,14,3,8,2,2393,2176,1335,761,1882,0.404,242,693,0.349,412,618,0.667,299,1113,417,161,96,412,649
73,Delaware State,32,7,25,0.219,-20.88,-6.85,5,11,6,7,1,17,1980,2336,1290,791,1821,0.434,248,769,0.322,506,740,0.684,435,1311,478,189,100,425,569
74,Delaware,30,7,23,0.233,-8.62,0.85,2,16,5,7,2,15,1986,2270,1205,784,1800,0.436,296,850,0.348,406,574,0.707,311,1099,489,189,120,275,606
75,Denver,31,16,15,0.516,-3.34,-3.24,7,9,8,7,6,6,2021,2024,1240,672,1480,0.454,193,521,0.37,487,642,0.759,276,945,367,177,87,440,549
76,DePaul,31,9,22,0.29,0.83,8.34,3,15,5,9,3,10,2092,2325,1245,756,1711,0.442,246,675,0.364,567,766,0.74,317,1034,466,206,98,377,606
77,Detroit Mercy,31,16,15,0.516,-2.44,-0.82,9,9,11,4,4,10,2595,2567,1245,862,1869,0.461,239,681,0.351,604,848,0.712,330,1107,447,195,125,414,694
78,Drake,31,7,24,0.226,-5.15,0.92,2,16,5,9,0,12,2093,2230,1255,816,1805,0.452,219,594,0.369,379,543,0.698,297,1031,375,188,130,302,585
79,Drexel,31,6,25,0.194,-5.42,1.88,3,15,3,9,2,12,1958,2183,1245,737,1600,0.461,189,520,0.363,520,759,0.685,285,1107,382,160,109,365,598
80,Duke NCAA,36,25,11,0.694,19.23,10.59,11,7,15,3,5,4,2920,2609,1450,998,2244,0.445,226,665,0.34,387,568,0.681,456,1322,523,163,126,427,761
81,Duquesne,34,17,17,0.5,1.41,1.35,6,12,10,6,4,8,2704,2677,1370,892,2141,0.417,329,820,0.401,564,803,0.702,387,1277,582,210,99,394,645
82,East Carolina,32,12,20,0.375,-0.38,3.22,4,14,8,8,3,10,2186,2301,1305,854,1911,0.447,249,752,0.331,344,511,0.673,370,1161,540,204,116,402,525
83,East Tennessee State,36,24,12,0.667,-1.49,-2.29,14,4,13,2,8,8,2813,2687,1455,915,2107,0.434,262,786,0.333,595,827,0.719,393,1307,426,228,116,471,700
84,Eastern Illinois,30,13,17,0.433,-8.35,-3.52,9,7,9,5,4,9,2145,2213,1220,766,1722,0.445,212,634,0.334,469,666,0.704,364,1161,419,184,77,410,595
85,Eastern Kentucky,31,15,16,0.484,-3.53,-3.86,6,10,10,6,5,10,2497,2453,1240,837,1814,0.461,251,668,0.376,528,755,0.699,367,1101,514,206,82,467,666
86,Eastern Michigan,33,18,15,0.545,-0.14,1.24,9,9,14,3,4,11,2553,2460,1330,823,1956,0.421,276,790,0.349,538,778,0.692,441,1262,482,199,108,529,725
87,Eastern Washington,34,18,16,0.529,-4.47,-6.03,10,8,11,2,5,12,2769,2617,1360,953,1966,0.485,197,536,0.368,514,743,0.692,322,1161,496,195,113,395,654
88,Elon,32,16,16,0.5,-0.67,0.66,7,11,8,8,8,7,2429,2413,1285,884,1980,0.446,219,606,0.361,426,638,0.668,356,1218,396,204,128,377,621
89,Evansville,34,25,9,0.735,8.1,-0.39,12,6,13,3,8,4,2526,2221,1370,794,1962,0.405,206,635,0.324,427,580,0.736,314,1101,406,194,120,436,718
90,Fairfield,33,19,14,0.576,-3.84,-3.14,12,8,11,5,7,7,2522,2545,1345,902,2072,0.435,252,748,0.337,489,706,0.693,438,1342,454,193,88,459,636
91,Fairleigh Dickinson NCAA,33,18,15,0.545,-10.9,-8.31,11,7,9,6,9,8,2558,2600,1335,868,1901,0.457,247,698,0.354,617,888,0.695,417,1285,487,209,118,510,638
92,Florida A&M,29,8,21,0.276,-21.74,-10.67,4,12,6,6,1,14,1863,2128,1190,746,1691,0.441,194,587,0.33,442,644,0.686,324,1143,339,221,84,434,597
93,Florida Atlantic,33,8,25,0.242,-10.3,-1.72,5,13,5,7,2,14,2189,2445,1325,882,1928,0.457,172,484,0.355,507,715,0.709,373,1280,418,198,142,378,564
94,Florida Gulf Coast NCAA,35,21,14,0.6,-0.79,-3.82,8,6,16,4,4,8,2703,2473,1435,877,2128,0.412,232,763,0.304,487,713,0.683,385,1235,415,234,111,422,663
95,Florida International,32,13,19,0.406,-5.25,-4.81,7,11,7,9,5,8,2277,2242,1300,775,1900,0.408,237,729,0.325,455,665,0.684,366,1111,411,190,103,320,566
96,Florida State,34,20,14,0.588,12.16,8.16,8,10,11,4,4,8,2652,2516,1365,875,1981,0.442,265,733,0.362,501,728,0.688,342,1140,447,180,103,458,668
97,Florida,36,21,15,0.583,14.69,9.19,9,9,12,4,6,9,2677,2479,1445,868,2109,0.412,233,679,0.343,510,752,0.678,405,1364,413,192,125,471,732
98,Fordham,31,17,14,0.548,1.87,-0.09,8,10,14,5,3,7,2206,2128,1255,728,1622,0.449,213,637,0.334,459,651,0.705,268,1008,458,209,91,485,559
99,Fresno State NCAA,35,25,10,0.714,5.27,2.24,13,5,16,2,6,7,2630,2475,1420,812,1929,0.421,252,761,0.331,599,859,0.697,368,1275,430,161,108,529,700
100,Furman,35,19,16,0.543,-2.83,-4.2,11,7,14,2,3,12,2487,2333,1400,815,1874,0.435,236,683,0.346,467,688,0.679,326,1099,402,230,97,449,673
101,Gardner-Webb,33,17,16,0.515,-6.92,-3.96,10,8,9,4,5,11,2476,2451,1335,840,1887,0.445,240,692,0.347,531,741,0.717,341,1216,431,213,103,462,609
102,George Mason,32,11,21,0.344,-1.79,3.62,5,13,7,8,2,11,2140,2313,1290,827,1957,0.423,241,682,0.353,418,587,0.712,277,1107,406,175,124,221,589
103,George Washington,38,28,10,0.737,11.43,4.24,11,7,16,3,8,5,2875,2602,1530,953,2228,0.428,262,795,0.33,434,601,0.722,378,1245,443,221,135,451,770
104,Georgetown,33,15,18,0.455,10.31,8.49,7,11,9,8,4,8,2430,2370,1335,758,1839,0.412,199,571,0.349,655,907,0.722,343,1142,408,205,90,371,636
105,Georgia Southern,31,14,17,0.452,-5.65,-3.14,10,10,10,4,4,12,2353,2307,1250,770,1763,0.437,235,713,0.33,532,769,0.692,374,1232,379,148,127,463,598
106,Georgia State,30,16,14,0.533,-2.8,-2.19,9,11,12,3,4,10,1971,1950,1220,638,1559,0.409,205,639,0.321,469,646,0.726,307,1047,373,158,92,425,545
107,Georgia Tech,36,21,15,0.583,12.51,9.95,8,10,14,5,5,8,2637,2545,1445,931,2107,0.442,206,643,0.32,477,667,0.715,346,1131,436,169,98,352,637
108,Georgia,34,20,14,0.588,9.41,8.47,10,8,15,4,3,9,2401,2369,1370,770,1976,0.39,259,782,0.331,570,812,0.702,392,1217,385,213,132,365,713
109,Gonzaga NCAA,36,28,8,0.778,16.92,4.23,15,3,11,4,9,2,2840,2360,1445,859,2167,0.396,214,717,0.298,428,610,0.702,359,1159,370,210,107,370,701
110,Grambling,31,7,24,0.226,-19.62,-8.48,4,14,5,7,2,15,1924,2110,1250,727,1681,0.432,205,623,0.329,451,677,0.666,327,1116,400,204,111,425,572
111,Grand Canyon,34,27,7,0.794,1.43,-5.6,11,3,18,2,7,5,2581,2316,1365,822,1938,0.424,226,702,0.322,446,675,0.661,334,1169,368,206,129,458,743
112,Green Bay NCAA,36,23,13,0.639,1.16,-0.67,11,7,11,3,8,9,3013,2880,1455,1013,2255,0.449,278,765,0.363,576,807,0.714,432,1458,512,215,162,609,790
113,Hampton NCAA,32,21,11,0.656,-8.74,-8.45,13,3,9,2,8,7,2363,2370,1305,826,1934,0.427,215,641,0.335,503,696,0.723,324,1169,347,183,133,393,688
114,Hartford,33,10,23,0.303,-14.29,-5.69,4,12,4,12,6,11,2336,2588,1345,918,1948,0.471,231,672,0.344,521,794,0.656,415,1389,504,174,109,438,625
115,Harvard,30,14,16,0.467,-0.96,-0.25,6,8,8,5,4,10,2001,1985,1205,699,1720,0.406,186,609,0.305,401,563,0.712,307,1026,364,217,76,346,546
116,Hawaii NCAA,34,28,6,0.824,9.03,-1.04,13,3,16,3,7,2,2620,2267,1365,764,1910,0.4,203,669,0.303,536,748,0.717,321,1124,366,198,91,498,769
117,High Point,32,21,11,0.656,-0.52,-4.24,13,5,12,3,8,7,2473,2258,1290,811,1787,0.454,234,679,0.345,402,573,0.702,337,1060,381,168,110,467,606
118,Hofstra,34,24,10,0.706,5.02,0.77,14,4,11,2,9,5,2681,2509,1390,952,2182,0.436,260,743,0.35,345,514,0.671,392,1253,491,187,119,401,686
119,Holy Cross NCAA,35,15,20,0.429,-11.2,-6.11,5,13,8,6,5,13,2267,2445,1425,859,1873,0.459,273,764,0.357,454,626,0.725,323,1253,500,187,108,450,651
120,Houston Baptist,34,17,17,0.5,-10.39,-5.26,10,8,12,3,4,11,2604,2582,1360,908,2090,0.434,245,683,0.359,521,723,0.721,392,1189,501,234,126,424,747
121,Houston,32,22,10,0.688,10.3,2.17,12,6,15,3,6,5,2476,2216,1305,776,1845,0.421,195,643,0.303,469,665,0.705,395,1132,380,162,112,396,597
122,Howard,32,12,20,0.375,-14.43,-8.33,6,10,8,7,2,12,2311,2433,1300,844,1983,0.426,242,723,0.335,503,739,0.681,438,1250,421,180,111,446,712
123,Idaho State,31,16,15,0.516,-9.83,-6.69,11,7,10,3,5,10,2297,2357,1240,832,1859,0.448,247,738,0.335,446,648,0.688,334,1165,441,188,110,398,606
124,Idaho,34,21,13,0.618,-5.19,-5.88,12,6,11,4,8,7,2372,2251,1365,747,1799,0.415,270,804,0.336,487,723,0.674,293,1012,414,247,101,438,710
125,Illinois-Chicago,30,5,25,0.167,-14.52,-0.81,3,15,5,10,0,13,2019,2348,1220,803,1878,0.428,225,632,0.356,515,727,0.708,363,1209,489,217,155,351,660
126,Illinois State,32,18,14,0.563,3.4,2.59,12,6,13,3,5,8,2149,2114,1285,734,1744,0.421,206,644,0.32,440,648,0.679,312,1128,391,192,93,436,590
127,Illinois,34,15,19,0.441,4.39,7.03,5,13,7,8,2,8,2452,2542,1395,930,2013,0.462,298,773,0.386,384,534,0.719,320,1262,503,169,124,458,613
128,Incarnate Word,29,17,12,0.586,-9.2,-6.2,12,6,10,3,7,9,2145,2140,1165,769,1680,0.458,208,574,0.362,394,603,0.653,290,1069,419,184,115,390,597
129,Indiana State,32,15,17,0.469,0.04,2.2,8,10,10,4,2,11,2170,2222,1295,745,1792,0.416,192,594,0.323,540,779,0.693,296,1195,351,195,106,402,659
130,Indiana NCAA,35,27,8,0.771,19.59,6.9,15,3,17,0,6,4,2891,2447,1405,905,2037,0.444,218,636,0.343,419,615,0.681,356,1060,423,215,106,458,668
131,Iona NCAA,33,22,11,0.667,3.59,-1.78,16,4,11,2,8,6,2628,2451,1325,844,1993,0.423,257,718,0.358,506,724,0.699,390,1234,451,193,97,460,606
132,Iowa State NCAA,35,23,12,0.657,16.93,10.16,10,8,14,2,4,7,2862,2625,1415,986,2250,0.438,268,800,0.335,385,560,0.688,401,1261,499,194,100,425,553
133,Iowa NCAA,33,22,11,0.667,17.01,8.71,12,6,13,2,6,5,2561,2287,1330,850,2021,0.421,242,772,0.313,345,505,0.683,390,1229,454,176,99,431,643
134,IPFW,34,24,10,0.706,0,-1.66,12,4,12,1,10,7,2701,2585,1370,941,2046,0.46,280,725,0.386,423,616,0.687,312,1163,442,197,103,386,663
135,IUPUI,32,13,19,0.406,-5.86,0.11,9,7,9,2,4,15,2181,2362,1290,843,1836,0.459,186,552,0.337,490,697,0.703,309,1147,383,239,142,404,566
136,Jackson State,36,20,16,0.556,-8.66,-9.54,12,6,11,2,7,13,2455,2352,1465,751,1918,0.392,209,682,0.306,641,909,0.705,358,1339,390,214,134,519,651
137,Jacksonville State,31,8,23,0.258,-10.26,-3.95,4,12,5,10,2,12,2100,2234,1245,783,1685,0.465,179,543,0.33,489,706,0.693,337,1163,381,139,86,387,571
138,Jacksonville,32,16,16,0.5,-9.34,-6.09,8,6,12,3,4,11,2444,2431,1290,862,1931,0.446,288,812,0.355,419,633,0.662,305,1200,456,157,101,413,596
139,James Madison,32,21,11,0.656,6.17,0.5,11,7,12,6,9,3,2405,2197,1305,742,1874,0.396,231,795,0.291,482,684,0.705,332,1136,386,181,75,344,623
140,Kansas State,33,17,16,0.515,12.31,9.79,5,13,12,5,2,9,2334,2251,1345,776,1789,0.434,201,649,0.31,498,723,0.689,344,1089,448,226,134,471,705
141,Kansas NCAA,38,33,5,0.868,23.87,11.22,15,3,16,0,7,3,3089,2570,1540,873,2200,0.397,233,726,0.321,591,816,0.724,392,1234,413,248,125,490,779
142,Kennesaw State,31,11,20,0.355,-8.58,-1.61,7,7,8,6,3,14,2239,2399,1245,857,1833,0.468,216,643,0.336,469,684,0.686,378,1169,415,209,102,398,589
143,Kent State,32,19,13,0.594,-1.53,-1.47,10,8,13,3,6,8,2361,2317,1290,810,1826,0.444,230,641,0.359,467,631,0.74,308,1074,436,172,91,375,659
144,Kentucky NCAA,36,27,9,0.75,20.23,8.84,13,5,17,0,4,7,2861,2451,1455,827,2082,0.397,201,616,0.326,596,848,0.703,433,1209,334,155,111,437,710
145,La Salle,31,9,22,0.29,-6.09,4.65,4,14,7,9,1,12,1987,2279,1240,802,1749,0.459,234,626,0.374,441,608,0.725,353,1173,466,180,121,403,506
146,Lafayette,30,6,24,0.2,-15,-6,3,15,4,9,2,15,2142,2412,1235,853,1838,0.464,239,669,0.357,467,645,0.724,350,1192,450,188,109,358,561
147,Lamar,30,11,19,0.367,-14.69,-8.77,3,15,7,9,4,10,2263,2310,1200,773,1736,0.445,204,601,0.339,560,799,0.701,345,1125,468,201,101,441,642
148,Lehigh,32,17,15,0.531,-4.42,-5.2,13,5,10,5,7,9,2268,2210,1280,795,1825,0.436,254,705,0.36,366,513,0.713,321,1056,475,191,115,399,553
149,Liberty,32,13,19,0.406,-10.42,-3.73,10,8,8,6,5,9,2070,2188,1280,747,1637,0.456,215,603,0.357,479,693,0.691,282,1042,399,219,67,388,528
150,Lipscomb,33,12,21,0.364,-8.85,-3.81,7,7,6,9,5,9,2590,2689,1340,922,2057,0.448,305,825,0.37,540,735,0.735,374,1273,527,222,125,441,653
151,Long Beach State,35,20,15,0.571,4.09,4.57,12,4,11,2,6,10,2613,2568,1415,890,2016,0.441,258,744,0.347,530,779,0.68,385,1338,489,188,128,497,716
152,Long Island University,31,16,15,0.516,-11.79,-11.01,9,9,8,6,8,9,2362,2386,1255,837,1857,0.451,217,587,0.37,495,706,0.701,355,1167,461,181,105,451,685
153,Longwood,33,10,23,0.303,-11.42,-5.15,5,13,5,8,4,12,2397,2503,1330,853,1913,0.446,306,821,0.373,491,674,0.728,322,1124,487,238,93,407,623
154,Louisiana,34,19,15,0.559,2.62,-1.94,12,8,13,3,5,11,2706,2476,1370,876,2016,0.435,219,604,0.363,505,722,0.699,323,1133,372,191,126,408,757
155,Louisiana-Monroe,34,20,14,0.588,-0.18,-1.46,15,5,13,0,6,11,2471,2360,1390,827,2005,0.412,252,764,0.33,454,637,0.713,385,1178,391,186,100,403,583
156,Louisiana State,33,19,14,0.576,8.79,7,11,7,15,3,3,8,2602,2543,1330,915,2021,0.453,262,749,0.35,451,675,0.668,367,1233,450,197,109,452,689
157,Louisiana Tech,33,23,10,0.697,-0.07,-4.4,12,6,16,1,7,7,2624,2395,1345,863,2017,0.428,210,670,0.313,459,673,0.682,362,1249,440,190,103,476,684
158,Louisville,31,23,8,0.742,21.57,7.74,12,6,18,1,4,7,2324,1895,1240,631,1616,0.39,183,570,0.321,450,654,0.688,317,981,325,169,90,442,555
159,Loyola (IL),32,15,17,0.469,-0.7,1.11,7,11,9,7,4,7,2059,2082,1295,726,1676,0.433,198,568,0.349,432,597,0.724,317,1126,403,188,122,473,587
160,Loyola Marymount,31,14,17,0.452,-3.63,0.87,6,12,8,6,5,10,2208,2319,1265,775,1686,0.46,250,667,0.375,519,717,0.724,324,1156,499,169,108,437,572
161,Loyola (MD),30,9,21,0.3,-10.9,-5.24,8,10,5,9,4,12,2090,2260,1230,784,1707,0.459,208,559,0.372,484,698,0.693,318,1048,420,181,130,352,566
162,Maine,30,8,22,0.267,-17.39,-6.49,4,12,5,8,3,14,2279,2606,1215,934,1880,0.497,219,593,0.369,519,714,0.727,342,1212,535,252,142,494,590
163,Manhattan,31,13,18,0.419,-7.48,-3.12,9,11,8,6,4,11,2133,2268,1255,769,1643,0.468,176,523,0.337,554,769,0.72,324,1113,464,202,104,490,628
164,Marist,30,7,23,0.233,-11.69,-4.52,4,16,4,10,2,12,2145,2360,1220,833,1776,0.469,238,623,0.382,456,650,0.702,336,1150,448,192,88,355,581
165,Marquette,33,20,13,0.606,7.66,5.57,8,10,12,7,5,5,2517,2448,1340,886,2073,0.427,246,718,0.343,430,580,0.741,385,1181,534,231,108,460,674
166,Marshall,33,17,16,0.515,0.83,-0.3,12,6,10,4,5,9,2838,2801,1330,1009,2160,0.467,241,644,0.374,542,776,0.698,397,1339,454,217,85,437,606
167,Maryland-Baltimore County,32,7,25,0.219,-15.37,-6.87,3,13,4,9,3,15,2307,2579,1290,904,1821,0.496,254,668,0.38,517,707,0.731,300,1141,487,206,98,441,646
168,Maryland-Eastern Shore,32,10,22,0.313,-14.23,-6.17,7,9,7,4,3,17,2178,2399,1295,790,1713,0.461,233,661,0.352,586,837,0.7,306,1042,436,213,109,420,571
169,Maryland NCAA,36,27,9,0.75,16.71,8.31,12,6,16,1,4,6,2725,2400,1445,874,2145,0.407,240,750,0.32,412,579,0.712,398,1193,409,220,97,407,667
170,Massachusetts-Lowell,29,11,18,0.379,-13.59,-6.17,7,9,6,6,5,12,2221,2401,1170,850,1776,0.479,230,625,0.368,471,664,0.709,338,1084,408,240,85,417,553
171,Massachusetts,32,14,18,0.438,0.64,2.96,6,12,9,7,3,9,2353,2427,1300,823,1928,0.427,215,687,0.313,566,776,0.729,365,1242,469,184,110,398,607
172,McNeese State,29,9,20,0.31,-15.24,-6.74,7,11,7,6,2,13,2083,2301,1185,822,1785,0.461,206,551,0.374,451,662,0.681,357,1163,452,183,94,336,521
173,Memphis,34,19,15,0.559,9.84,3.58,8,10,14,6,2,8,2603,2390,1370,825,2062,0.4,203,666,0.305,537,791,0.679,396,1304,431,229,163,477,720
174,Mercer,34,19,15,0.559,-3.11,-4.55,8,10,10,3,3,11,2446,2339,1390,786,1954,0.402,307,872,0.352,460,640,0.719,336,1077,455,224,139,371,630
175,Miami (FL) NCAA,35,27,8,0.771,18.52,10.69,13,5,15,1,6,5,2633,2359,1405,865,2008,0.431,210,611,0.344,419,584,0.717,357,1129,398,185,87,404,666
176,Miami (OH),33,13,20,0.394,-5.91,-0.25,6,12,10,8,3,11,2089,2249,1320,748,1724,0.434,261,730,0.358,492,656,0.75,330,1159,422,175,101,457,633
177,Michigan State NCAA,35,29,6,0.829,22.59,6.94,13,5,14,2,7,3,2793,2245,1410,774,2025,0.382,204,658,0.31,493,690,0.714,329,1055,377,187,115,333,606
178,Michigan NCAA,36,23,13,0.639,13.75,7.92,10,8,13,4,4,6,2656,2426,1445,894,1995,0.448,251,725,0.346,387,534,0.725,308,1190,471,146,113,432,580
179,Middle Tennessee NCAA,35,25,10,0.714,2.66,-0.7,13,5,11,3,8,6,2539,2410,1405,824,1902,0.433,232,664,0.349,530,794,0.668,312,1213,419,206,101,469,652
180,Milwaukee,33,20,13,0.606,2.89,-2.02,10,8,9,4,7,6,2618,2391,1345,882,1966,0.449,239,628,0.381,388,558,0.695,292,1117,429,169,99,360,670
181,Minnesota,31,8,23,0.258,0.86,6.86,2,16,7,10,0,9,2108,2294,1255,807,1789,0.451,235,615,0.382,445,611,0.728,312,1169,471,172,119,382,607
182,Mississippi State,31,14,17,0.452,8.18,6.02,7,11,10,5,2,9,2323,2256,1245,791,1837,0.431,214,623,0.343,460,666,0.691,377,1145,387,196,110,401,522
183,Mississippi Valley State,35,8,27,0.229,-19.86,-8.11,6,12,3,6,3,19,2293,2704,1425,973,2152,0.452,250,825,0.303,508,757,0.671,458,1480,506,229,148,490,622
184,Mississippi,32,20,12,0.625,7.91,4.81,10,8,12,2,7,7,2405,2306,1290,779,1821,0.428,249,702,0.355,499,740,0.674,363,1164,459,211,136,453,676
185,Missouri-Kansas City,31,12,19,0.387,-6.31,-2.24,4,10,9,4,2,13,2152,2240,1245,734,1703,0.431,223,649,0.344,549,747,0.735,332,1066,426,178,116,378,616
186,Missouri State,32,13,19,0.406,-3.52,2.58,8,10,8,7,4,8,2153,2321,1290,818,1841,0.444,240,656,0.366,445,637,0.699,311,1158,469,209,83,393,625
187,Missouri,31,10,21,0.323,2.5,6.88,3,15,10,7,0,11,2126,2262,1240,759,1791,0.424,236,702,0.336,508,730,0.696,345,1152,428,180,133,349,594
188,Monmouth,36,28,8,0.778,5.29,-1.85,17,3,11,2,13,4,2861,2604,1450,871,2206,0.395,290,923,0.314,572,821,0.697,448,1415,436,212,146,539,721
189,Montana State,31,14,17,0.452,-6.91,-5.35,9,9,8,3,4,12,2369,2411,1245,820,1732,0.473,231,629,0.367,540,791,0.683,289,1087,405,178,119,364,607
190,Montana,33,21,12,0.636,-0.72,-4.29,14,4,12,2,7,9,2393,2225,1330,743,1732,0.429,204,633,0.322,535,748,0.715,266,1043,341,207,103,420,659
191,Morehead State,37,23,14,0.622,1.04,-1.65,11,5,14,2,8,11,2722,2553,1495,810,1851,0.438,234,652,0.359,699,969,0.721,333,1197,404,194,155,548,760
192,Morgan State,31,9,22,0.29,-12.57,-7.97,6,10,6,6,2,15,2089,2223,1250,800,1756,0.456,177,562,0.315,446,658,0.678,363,1205,430,175,135,452,604
193,Mount St. Mary's,33,14,19,0.424,-9.93,-7.99,10,8,9,3,5,15,2218,2282,1335,801,1766,0.454,172,510,0.337,508,713,0.712,358,1299,362,198,101,569,590
194,Murray State,31,17,14,0.548,-1.58,-3.06,10,6,10,4,4,8,2212,2093,1245,719,1580,0.455,191,528,0.362,464,647,0.717,255,969,366,172,70,409,591
195,Navy,33,19,14,0.576,-4.99,-7.05,9,9,6,9,11,4,2230,2135,1340,707,1713,0.413,252,711,0.354,469,666,0.704,302,1031,412,195,97,438,661
196,Nebraska-Omaha,32,18,14,0.563,-0.24,-2.04,10,6,9,4,7,9,2729,2619,1295,909,1973,0.461,250,701,0.357,551,729,0.756,352,1178,454,195,123,486,697
197,Nebraska,34,16,18,0.471,8.84,5.57,6,12,10,8,3,8,2456,2345,1370,799,1822,0.439,227,619,0.367,520,723,0.719,321,1130,428,179,127,446,619
198,Nevada-Las Vegas,33,18,15,0.545,5.5,3.17,8,10,13,3,2,10,2581,2427,1350,831,2004,0.415,213,647,0.329,552,792,0.697,383,1282,390,212,114,500,717
199,Nevada,38,24,14,0.632,2.85,1.79,10,8,16,3,5,10,2878,2740,1550,934,2335,0.4,264,817,0.323,606,905,0.67,450,1460,519,225,117,488,790
200,New Hampshire,33,20,13,0.606,-7.89,-7.05,11,5,11,3,9,10,2342,2297,1330,811,1900,0.427,240,702,0.342,435,620,0.702,257,1121,334,175,116,344,639
201,New Mexico State,34,23,11,0.676,3.59,-3.54,13,1,15,2,7,8,2424,2145,1380,780,1989,0.392,214,636,0.336,371,553,0.671,326,1065,365,180,68,376,686
202,New Mexico,32,17,15,0.531,5.21,2.58,10,8,12,4,5,7,2432,2348,1285,807,1919,0.421,247,761,0.325,487,711,0.685,345,1054,452,249,130,393,679
203,New Orleans,30,10,20,0.333,-14.21,-8.17,6,12,7,5,3,14,2249,2325,1205,785,1725,0.455,227,633,0.359,528,736,0.717,346,1113,444,243,140,493,673
204,Niagara,32,7,25,0.219,-11.26,-3.86,5,15,5,8,1,14,2067,2304,1300,788,1854,0.425,240,673,0.357,488,658,0.742,356,1144,460,195,134,369,572
205,Nicholls State,34,11,23,0.324,-16.68,-5.23,6,12,8,4,1,17,2298,2598,1375,909,2031,0.448,222,642,0.346,558,796,0.701,421,1345,479,277,125,471,714
206,NJIT,35,20,15,0.571,-4.17,-4.56,8,6,12,6,8,9,2629,2587,1410,902,2059,0.438,302,869,0.348,481,724,0.664,388,1276,525,215,141,477,659
207,Norfolk State,34,17,17,0.5,-7.55,-6.73,12,4,9,2,7,10,2494,2494,1370,824,1948,0.423,271,724,0.374,575,797,0.721,411,1210,480,141,120,446,672
208,North Carolina-Asheville NCAA,34,22,12,0.647,1.1,-3.25,12,6,11,3,6,7,2552,2313,1370,835,1954,0.427,205,705,0.291,438,627,0.699,359,1204,375,230,84,528,669
209,North Carolina A&T,32,10,22,0.313,-16.78,-8.49,7,9,8,6,2,13,2169,2433,1305,796,1791,0.444,254,749,0.339,587,867,0.677,356,1188,473,189,101,400,621
210,North Carolina Central,32,13,19,0.406,-13,-10.03,7,9,8,5,3,12,2220,2235,1285,770,1787,0.431,226,660,0.342,469,673,0.697,356,1117,420,175,123,423,606
211,North Carolina-Greensboro,34,15,19,0.441,-6.01,-3.23,10,8,12,4,3,14,2469,2494,1370,837,1909,0.438,281,760,0.37,539,720,0.749,314,1195,464,171,101,413,613
212,North Carolina State,33,16,17,0.485,9.83,9.04,5,13,11,7,3,8,2482,2456,1330,883,2016,0.438,275,735,0.374,415,598,0.694,371,1173,469,205,136,338,680
213,North Carolina-Wilmington NCAA,33,25,8,0.758,6.25,0.35,14,4,12,2,8,5,2620,2379,1335,758,1802,0.421,175,522,0.335,688,976,0.705,374,1210,344,163,108,493,663
214,North Carolina NCAA,40,33,7,0.825,23.44,10.69,14,4,15,1,6,5,3311,2801,1600,993,2384,0.417,308,850,0.362,505,725,0.697,441,1282,434,225,122,510,732
215,North Dakota State,33,20,13,0.606,-0.93,-2.99,8,8,12,1,4,11,2271,2129,1325,772,1830,0.422,185,573,0.323,400,568,0.704,295,1114,375,177,93,378,589
216,North Dakota,33,17,16,0.515,-3.68,-4.91,10,8,10,5,4,9,2474,2366,1340,838,1913,0.438,252,737,0.342,438,702,0.624,311,1196,447,208,94,481,679
217,North Florida,34,22,12,0.647,-1.41,-3.92,10,4,14,3,7,9,2865,2704,1360,1049,2261,0.464,205,609,0.337,401,598,0.671,443,1312,500,212,83,368,615
218,North Texas,32,12,20,0.375,-9.83,-3.23,7,11,11,7,1,12,2386,2505,1285,864,1878,0.46,232,645,0.36,545,784,0.695,347,1179,428,226,118,400,689
219,Northeastern,33,18,15,0.545,1.6,1.35,9,9,7,7,8,7,2376,2339,1365,883,1935,0.456,221,655,0.337,352,540,0.652,335,1161,485,188,109,395,634
220,Northern Arizona,30,5,25,0.167,-18.29,-2.83,3,15,4,9,1,15,2054,2438,1225,864,1812,0.477,268,692,0.387,442,609,0.726,304,1186,457,186,102,377,549
221,Northern Colorado,31,10,21,0.323,-12.22,-4.01,7,11,7,9,3,10,2292,2482,1240,811,1714,0.473,264,682,0.387,596,803,0.742,313,1074,449,178,97,381,632
222,Northern Illinois,34,21,13,0.618,-0.46,-1.2,9,9,18,1,3,10,2463,2285,1370,759,1881,0.404,265,778,0.341,502,747,0.672,338,1186,435,197,118,487,715
223,Northern Iowa NCAA,36,23,13,0.639,8.78,4.44,11,7,11,3,6,8,2475,2303,1455,850,2011,0.423,255,795,0.321,348,483,0.72,326,1238,434,172,95,420,667
224,Northern Kentucky,30,9,21,0.3,-6.87,-0.69,5,13,7,7,2,13,2116,2233,1210,754,1721,0.438,202,559,0.361,523,711,0.736,311,1071,397,201,112,347,529
225,Northwestern State,28,8,20,0.286,-15.74,-5.66,5,13,6,7,2,13,2224,2413,1120,870,1798,0.484,203,581,0.349,470,662,0.71,393,1103,475,236,91,388,565
226,Northwestern,32,20,12,0.625,10.16,4.12,8,10,14,4,5,6,2304,2111,1305,716,1784,0.401,227,658,0.345,452,625,0.723,325,1105,448,157,97,345,544
227,Notre Dame NCAA,36,24,12,0.667,14.1,9.57,11,7,14,2,5,5,2704,2541,1445,930,2154,0.432,274,742,0.369,407,559,0.728,410,1210,493,194,110,346,615
228,Oakland,35,23,12,0.657,6.3,-1.61,13,5,8,4,11,5,3023,2746,1405,982,2259,0.435,277,793,0.349,505,725,0.697,401,1286,536,185,113,431,729
229,Ohio State,35,21,14,0.6,9.39,7.08,11,7,15,6,4,6,2462,2381,1420,839,2076,0.404,257,770,0.334,446,632,0.706,391,1263,427,175,78,412,665
230,Ohio,35,23,12,0.657,1.9,-1.18,11,7,16,3,5,6,2746,2617,1410,919,2117,0.434,261,720,0.363,518,704,0.736,326,1197,412,209,89,356,690
231,Oklahoma State,32,12,20,0.375,8.18,8.81,3,15,8,8,1,9,2128,2148,1295,725,1769,0.41,216,631,0.342,482,723,0.667,383,1151,359,205,94,368,617
232,Oklahoma NCAA,37,29,8,0.784,19.76,11.14,12,6,14,1,7,5,2948,2629,1495,953,2314,0.412,278,825,0.337,445,656,0.678,434,1341,411,268,118,468,694
233,Old Dominion,38,25,13,0.658,4.66,-2.31,12,6,11,4,7,6,2604,2339,1530,797,2007,0.397,231,733,0.315,514,718,0.716,356,1229,399,161,121,413,684
234,Oral Roberts,31,14,17,0.452,-2.69,0.59,6,10,8,4,4,12,2356,2384,1245,861,1909,0.451,227,619,0.367,435,595,0.731,324,1092,386,184,82,352,594
235,Oregon State NCAA,32,19,13,0.594,10.39,9.26,9,9,12,3,4,7,2301,2244,1280,766,1788,0.428,226,695,0.325,486,699,0.695,364,1180,445,160,121,430,599
236,Oregon NCAA,38,31,7,0.816,18.05,8.64,14,4,18,0,5,5,2990,2614,1525,931,2199,0.423,272,754,0.361,480,690,0.696,408,1257,486,174,114,533,779
237,Pacific,28,8,20,0.286,-3.57,2.35,6,12,6,8,2,11,1948,2009,1140,650,1528,0.425,201,561,0.358,508,727,0.699,279,969,354,169,93,337,563
238,Penn State,32,16,16,0.5,3.17,6.95,7,11,11,4,3,8,2107,2228,1290,739,1744,0.424,225,615,0.366,525,741,0.709,324,1152,382,183,104,375,586
239,Pennsylvania,28,11,17,0.393,-6.18,-2.15,5,9,9,6,2,11,1911,2013,1130,732,1653,0.443,181,520,0.348,368,550,0.669,308,1030,347,175,102,323,512
240,Pepperdine,32,18,14,0.563,2.33,1.68,10,8,10,3,6,8,2349,2287,1300,834,1914,0.436,209,660,0.317,410,609,0.673,346,1150,420,174,91,355,648
241,Pittsburgh NCAA,33,21,12,0.636,15.47,8.75,9,9,15,4,3,6,2476,2220,1330,798,1844,0.433,222,631,0.352,402,608,0.661,310,1022,437,186,110,379,597
242,Portland State,31,13,18,0.419,-8.15,-5.94,8,10,8,6,4,11,2408,2409,1240,875,1878,0.466,233,617,0.378,426,607,0.702,336,1130,448,211,74,439,601
243,Portland,32,12,20,0.375,-2.21,0.56,6,12,8,7,3,9,2483,2552,1285,871,1928,0.452,264,693,0.381,546,784,0.696,394,1230,449,181,118,431,625
244,Prairie View,31,7,24,0.226,-17.43,-6.82,7,11,4,6,3,16,1873,2202,1240,748,1637,0.457,164,536,0.306,542,776,0.698,366,1167,415,221,140,498,591
245,Presbyterian,31,11,20,0.355,-13.38,-4.98,5,13,7,8,3,11,2093,2259,1245,781,1751,0.446,243,726,0.335,454,665,0.683,325,1116,414,217,129,422,566
246,Princeton,29,22,7,0.759,7.17,-1.72,12,2,13,0,9,6,2294,1989,1175,737,1691,0.436,169,486,0.348,346,519,0.667,272,985,335,164,115,372,532
247,Providence NCAA,35,24,11,0.686,11.94,8.46,10,8,13,4,7,4,2577,2455,1415,909,2067,0.44,221,685,0.323,416,578,0.72,370,1293,460,207,116,508,699
248,Purdue NCAA,35,26,9,0.743,20.17,7.46,12,6,17,1,5,5,2726,2281,1415,824,2106,0.391,219,697,0.314,414,591,0.701,315,1074,416,217,101,325,712
249,Quinnipiac,30,9,21,0.3,-10.38,-4.98,6,14,6,8,3,11,1969,2131,1215,729,1755,0.415,174,562,0.31,499,704,0.709,333,1127,392,234,120,369,557
250,Radford,31,16,15,0.516,-5.17,-3.45,9,9,8,6,7,7,2266,2248,1270,818,1819,0.45,182,550,0.331,430,610,0.705,334,1077,367,230,98,366,527
251,Rhode Island,32,17,15,0.531,7.92,3.29,9,9,13,4,3,9,2220,2072,1295,713,1672,0.426,165,495,0.333,481,662,0.727,280,1038,306,187,111,397,594
252,Rice,32,12,20,0.375,-8.8,-2.7,7,11,9,8,3,11,2427,2576,1285,915,1901,0.481,277,670,0.413,469,669,0.701,346,1144,491,227,96,426,662
253,Richmond,32,16,16,0.5,7.28,4.56,7,11,9,7,5,7,2450,2363,1295,837,1858,0.45,217,602,0.36,472,670,0.704,357,1188,425,151,87,402,611
254,Rider,33,13,20,0.394,-5,-3.6,8,12,7,6,4,12,2177,2223,1340,767,1862,0.412,245,721,0.34,444,603,0.736,350,1173,418,223,90,400,610
255,Robert Morris,32,10,22,0.313,-13.53,-7.75,8,10,4,8,5,14,2082,2267,1285,800,1843,0.434,222,662,0.335,445,607,0.733,392,1253,500,200,117,489,553
256,Rutgers,32,7,25,0.219,-7.06,6.43,1,17,7,11,0,11,2166,2571,1295,940,2074,0.453,265,711,0.373,426,625,0.682,441,1334,512,230,131,374,573
257,Sacramento State,31,14,17,0.452,-8.63,-5.32,6,12,10,5,3,11,2210,2237,1245,789,1839,0.429,216,684,0.316,443,663,0.668,366,1182,443,195,99,375,577
258,Sacred Heart,30,12,18,0.4,-13.01,-9.05,11,7,6,5,5,13,2217,2336,1210,811,1805,0.449,222,618,0.359,492,711,0.692,359,1114,436,195,121,394,616
259,Saint Francis (PA),30,13,17,0.433,-12.57,-9.06,9,9,8,6,5,11,2110,2181,1210,796,1776,0.448,204,642,0.318,385,534,0.721,329,1062,406,173,119,345,602
260,Saint Joseph's NCAA,36,28,8,0.778,12.1,4.93,13,5,12,4,10,2,2780,2522,1445,924,2218,0.417,286,920,0.311,388,555,0.699,351,1277,454,161,103,410,706
261,Saint Louis,32,11,21,0.344,-2.73,3.49,5,13,7,11,3,8,2106,2305,1290,780,1800,0.433,240,731,0.328,505,708,0.713,316,1196,447,191,138,414,641
262,Saint Mary's (CA),35,29,6,0.829,13.6,1.24,15,3,20,1,7,4,2576,2132,1400,804,1964,0.409,204,621,0.329,320,476,0.672,332,1048,378,155,87,337,605
263,Saint Peter's,30,14,16,0.467,-5,-4.3,12,8,9,5,5,10,1966,1987,1210,693,1682,0.412,221,649,0.341,380,533,0.713,278,1012,347,192,107,356,584
264,Sam Houston State,34,18,16,0.529,-6.06,-6.5,12,6,10,5,6,9,2551,2427,1370,796,1806,0.441,255,716,0.356,580,810,0.716,259,1154,511,184,104,455,719
265,Samford,33,14,19,0.424,-5.94,-4.49,4,14,6,7,5,11,2440,2442,1345,820,1848,0.444,247,682,0.362,555,795,0.698,369,1157,458,225,149,483,680
266,San Diego State,38,28,10,0.737,11.89,4.33,16,2,16,4,9,2,2605,2303,1530,799,2142,0.373,228,760,0.3,477,657,0.726,390,1266,393,228,135,460,758
267,San Diego,30,9,21,0.3,-7.78,1.42,4,14,6,7,1,11,1822,2074,1200,714,1605,0.445,177,490,0.361,469,664,0.706,281,1081,377,179,102,355,570
268,San Francisco,30,15,15,0.5,-2.92,-0.68,8,10,10,7,5,7,2329,2362,1220,811,1843,0.44,280,725,0.386,460,644,0.714,336,1096,426,151,139,343,631
269,San Jose State,31,9,22,0.29,-5.79,1.35,4,14,7,7,1,13,2186,2290,1245,761,1767,0.431,211,600,0.352,557,811,0.687,317,1133,402,194,88,387,642
270,Santa Clara,31,11,20,0.355,-4.67,1.86,7,11,7,8,3,9,2083,2272,1265,781,1774,0.44,243,703,0.346,467,645,0.724,324,1144,441,152,100,350,582
271,Savannah State,32,16,16,0.5,-15.39,-8.59,9,7,12,3,2,12,1992,2167,1285,736,1689,0.436,203,584,0.348,492,678,0.726,310,1151,374,221,116,497,651
272,Seattle,32,15,17,0.469,-9.62,-5.02,7,7,10,8,3,8,2074,2140,1285,738,1807,0.408,259,772,0.335,405,605,0.669,352,1092,447,268,116,416,607
273,Seton Hall NCAA,34,25,9,0.735,14.66,8.28,12,6,13,3,7,4,2522,2305,1365,814,2027,0.402,212,669,0.317,465,685,0.679,408,1231,414,245,137,469,719
274,Siena,34,21,13,0.618,1.73,-3.19,13,7,12,3,7,9,2659,2492,1385,851,2041,0.417,226,704,0.321,564,784,0.719,385,1097,390,254,123,423,700
275,South Alabama,33,14,19,0.424,-8.18,-2.02,8,12,8,6,4,11,2284,2426,1345,834,1975,0.422,231,724,0.319,527,747,0.705,401,1262,454,191,112,432,651
276,South Carolina State,34,19,15,0.559,-9.99,-8.24,12,4,10,1,6,12,2485,2485,1360,851,1922,0.443,248,715,0.347,535,742,0.721,362,1190,431,151,95,413,651
277,South Carolina Upstate,32,10,22,0.313,-13.78,-4.39,4,10,7,10,3,12,2315,2495,1290,889,1935,0.459,270,739,0.365,447,643,0.695,382,1173,528,220,92,369,526
278,South Carolina,34,25,9,0.735,12.01,5.83,11,7,16,3,5,5,2583,2357,1370,779,1962,0.397,287,807,0.356,512,751,0.682,381,1167,434,215,156,505,768
279,South Dakota State NCAA,34,26,8,0.765,5.44,-1.22,12,4,13,0,8,7,2591,2316,1360,789,1888,0.418,207,622,0.333,531,736,0.721,311,1102,376,192,121,411,708
280,South Dakota,32,14,18,0.438,-5.58,-0.88,5,11,6,6,5,10,2443,2537,1305,852,1875,0.454,279,718,0.389,554,752,0.737,334,1179,477,167,140,447,587
281,South Florida,33,8,25,0.242,-2.85,5.24,4,14,4,14,3,9,2085,2352,1320,817,1978,0.413,235,736,0.319,483,704,0.686,413,1193,495,255,106,314,560
282,Southeast Missouri State,29,5,24,0.172,-16.05,-3.43,2,14,3,10,2,14,1944,2252,1165,824,1734,0.475,233,665,0.35,371,528,0.703,294,1105,516,190,113,395,528
283,Southeastern Louisiana,33,12,21,0.364,-13.61,-7.55,9,9,9,3,2,15,2344,2489,1325,847,1893,0.447,268,717,0.374,527,805,0.655,389,1192,504,214,124,457,648
284,Southern California NCAA,34,21,13,0.618,13.52,7.64,9,9,16,2,3,7,2737,2537,1380,924,2214,0.417,248,764,0.325,441,627,0.703,430,1279,469,196,135,414,661
285,SIU Edwardsville,28,6,22,0.214,-10.78,-2.6,3,13,3,11,3,11,1839,2068,1130,708,1554,0.456,175,471,0.372,477,675,0.707,273,981,380,160,98,336,551
286,Southern Illinois,32,22,10,0.688,2.79,-1.3,11,7,12,4,9,4,2360,2229,1290,764,1687,0.453,189,594,0.318,512,758,0.675,268,1038,377,190,88,478,680
287,Southern Methodist,30,25,5,0.833,18.42,4.56,13,5,16,1,7,4,2319,1903,1200,676,1690,0.4,224,676,0.331,327,513,0.637,313,878,378,220,118,363,536
288,Southern Mississippi,29,8,21,0.276,-10.58,-3.66,5,13,6,9,2,12,1866,2045,1180,687,1575,0.436,249,699,0.356,422,605,0.698,281,1026,395,189,87,342,525
289,Southern Utah,30,6,24,0.2,-17.36,-4.22,3,15,3,10,3,13,2119,2429,1210,839,1700,0.494,231,559,0.413,520,728,0.714,299,1091,402,180,114,371,590
290,Southern NCAA,35,22,13,0.629,-7.68,-9.37,11,7,12,1,6,10,2534,2406,1400,832,2001,0.416,234,734,0.319,508,764,0.665,413,1311,411,183,105,482,671
291,St. Bonaventure,31,22,9,0.71,6.55,1.87,14,4,14,3,8,5,2409,2264,1250,788,1808,0.436,218,681,0.32,470,676,0.695,380,1134,440,166,94,409,611
292,St. Francis (NY),32,15,17,0.469,-11.24,-9.24,11,7,9,5,6,11,2095,2131,1290,765,1809,0.423,152,463,0.328,449,630,0.713,349,1155,368,204,92,404,592
293,St. John's (NY),32,8,24,0.25,-1.9,7.94,1,17,6,10,0,10,2174,2472,1280,835,1854,0.45,238,643,0.37,564,795,0.709,355,1265,459,273,109,464,664
294,Stanford,30,15,15,0.5,8.06,10.41,8,10,12,5,2,8,2088,2111,1210,728,1647,0.442,228,627,0.364,427,646,0.661,318,1053,420,161,93,402,645
295,Stephen F. Austin NCAA,34,28,6,0.824,9.23,-5.47,18,0,14,0,9,4,2728,2153,1360,764,1745,0.438,174,544,0.32,451,680,0.663,335,1099,398,181,96,631,687
296,Stetson,34,12,22,0.353,-10.78,-4.35,4,10,6,8,5,13,2729,2807,1390,1052,2221,0.474,251,725,0.346,452,670,0.675,407,1362,524,209,155,415,634
297,Stony Brook NCAA,33,26,7,0.788,3.75,-5.28,14,2,15,1,11,5,2515,2115,1325,770,1887,0.408,212,649,0.327,363,506,0.717,301,1058,365,186,96,418,606
298,Syracuse NCAA,37,23,14,0.622,14.62,9.75,9,9,13,4,3,7,2589,2409,1495,877,2127,0.412,259,845,0.307,396,595,0.666,471,1357,570,232,111,491,647
299,Temple NCAA,33,21,12,0.636,7.69,6.57,14,4,11,3,8,4,2267,2230,1345,809,1952,0.414,196,628,0.312,416,561,0.742,358,1262,408,144,120,355,520
300,Tennessee-Martin,35,20,15,0.571,-5.57,-4.72,10,6,11,2,8,10,2554,2494,1420,883,2050,0.431,308,907,0.34,420,593,0.708,358,1213,495,189,96,419,647
301,Tennessee State,31,20,11,0.645,-1.81,-5.3,11,5,11,3,7,7,2273,2134,1260,698,1691,0.413,253,705,0.359,485,709,0.684,319,1068,397,177,81,481,624
302,Tennessee Tech,31,19,12,0.613,-3.21,-3.66,11,5,14,1,5,9,2416,2340,1245,836,1890,0.442,236,652,0.362,432,633,0.682,368,1118,452,192,93,357,654
303,Tennessee,34,15,19,0.441,7.8,7.86,6,12,12,4,1,11,2554,2556,1360,886,2081,0.426,248,726,0.342,536,776,0.691,456,1361,471,204,120,420,690
304,Texas A&M-Corpus Christi,33,25,8,0.758,-3.18,-5.44,15,3,13,1,10,6,2428,2308,1320,753,1805,0.417,231,662,0.349,571,797,0.716,381,1186,408,207,71,525,667
305,Texas A&M NCAA,37,28,9,0.757,18.45,8.45,13,5,17,1,5,5,2828,2458,1500,862,2117,0.407,283,848,0.334,451,685,0.658,396,1296,492,198,131,534,724
306,Texas-Arlington,35,24,11,0.686,5.02,-3.42,13,7,13,2,10,8,2762,2417,1415,788,1989,0.396,277,824,0.336,564,851,0.663,351,1237,430,240,164,528,693
307,Texas Christian,33,12,21,0.364,4.07,8.62,2,16,9,9,1,10,2209,2359,1320,806,1805,0.447,225,647,0.348,522,747,0.699,349,1204,486,246,151,482,738
308,Texas-El Paso,33,19,14,0.576,-3.81,-4.93,10,8,14,4,2,9,2554,2471,1335,853,2013,0.424,268,796,0.337,497,734,0.677,403,1294,482,175,100,470,695
309,Texas-Rio Grande Valley,30,8,22,0.267,-17.88,-4.25,4,10,7,6,1,13,1993,2330,1200,861,1897,0.454,207,602,0.344,401,586,0.684,400,1235,479,191,82,305,507
310,Texas-San Antonio,32,5,27,0.156,-16.36,-3.36,3,15,4,10,1,14,2317,2698,1290,924,1826,0.506,280,687,0.408,564,834,0.676,280,1180,541,200,159,410,664
311,Texas Southern,33,18,15,0.545,-4.64,-6.94,16,2,9,0,7,13,2403,2327,1320,873,1993,0.438,215,643,0.334,368,490,0.751,332,1079,446,205,134,355,703
312,Texas State,31,15,16,0.484,-5.36,-4.29,8,12,10,4,4,11,2046,1993,1250,691,1627,0.425,194,560,0.346,417,596,0.7,312,1063,340,177,92,436,606
313,Texas Tech NCAA,32,19,13,0.594,12.41,10.25,9,9,14,3,3,7,2305,2236,1295,783,1828,0.428,246,691,0.356,424,601,0.705,360,1080,362,207,104,401,668
314,Texas NCAA,33,20,13,0.606,14.8,11.71,11,7,14,3,5,5,2355,2253,1330,775,1844,0.42,209,606,0.345,494,707,0.699,362,1183,365,147,107,408,669
315,Toledo,32,17,15,0.531,2.96,-2.36,8,10,9,6,6,8,2482,2286,1280,815,1874,0.435,267,691,0.386,389,538,0.723,275,1064,408,203,100,390,638
316,Towson,33,20,13,0.606,-0.06,-1.57,11,7,12,3,7,6,2358,2227,1330,746,1784,0.418,209,608,0.344,526,709,0.742,306,1053,361,171,111,414,687
317,Troy,31,9,22,0.29,-9.21,-2.07,4,16,4,10,4,10,2145,2329,1250,821,1859,0.442,236,666,0.354,451,641,0.704,356,1202,442,199,111,389,630
318,Tulane,34,12,22,0.353,-0.85,3.79,3,15,6,10,2,10,2240,2398,1390,845,1950,0.433,212,601,0.353,496,718,0.691,369,1264,409,240,119,442,598
319,Tulsa NCAA,32,20,12,0.625,9.79,5.76,12,6,12,3,6,5,2356,2227,1290,757,1819,0.416,241,672,0.359,472,629,0.75,347,1185,385,169,107,450,650
320,UCLA,32,15,17,0.469,10.48,9.69,6,12,11,6,3,7,2480,2455,1295,860,2002,0.43,268,757,0.354,467,677,0.69,381,1188,462,213,98,372,619
321,Utah State,31,16,15,0.516,2.68,2.06,7,11,10,6,5,8,2274,2217,1240,795,1800,0.442,228,663,0.344,399,575,0.694,315,1070,435,190,96,353,558
322,Utah Valley,30,12,18,0.4,-9.58,-3.58,6,8,7,7,5,9,2280,2360,1210,851,1902,0.447,183,562,0.326,475,685,0.693,341,1205,440,192,93,385,569
323,Utah NCAA,36,27,9,0.75,15.5,8.79,13,5,16,1,5,5,2778,2502,1460,933,2226,0.419,269,726,0.371,367,506,0.725,371,1173,395,238,129,378,711
324,Valparaiso,37,30,7,0.811,10.71,0.02,16,2,17,1,12,4,2782,2323,1490,792,2061,0.384,225,683,0.329,514,784,0.656,347,1208,395,215,135,475,716
325,Vanderbilt NCAA,33,19,14,0.576,17.2,8.68,11,7,14,2,3,9,2506,2225,1330,784,2033,0.386,183,622,0.294,474,700,0.677,396,1235,343,185,101,323,650
326,Vermont,37,23,14,0.622,-1.51,-4.73,11,5,13,3,9,10,2774,2611,1480,904,2124,0.426,257,709,0.362,546,791,0.69,368,1223,464,251,132,431,725
327,Villanova NCAA,40,35,5,0.875,24.08,9.71,16,2,15,1,10,2,3118,2543,1605,906,2247,0.403,285,840,0.339,446,674,0.662,418,1322,510,232,87,552,757
328,Virginia Commonwealth NCAA,36,25,11,0.694,13.83,4.35,14,4,15,2,7,4,2781,2440,1450,872,1980,0.44,202,599,0.337,494,728,0.679,342,1242,457,205,144,535,641
329,VMI,30,9,21,0.3,-12.96,-3.15,4,14,8,6,1,14,2081,2264,1205,769,1716,0.448,224,615,0.364,502,693,0.724,339,1163,375,205,92,390,508
330,Virginia Tech,35,20,15,0.571,9.93,7.53,10,8,14,5,4,7,2624,2540,1425,906,2099,0.432,244,778,0.314,484,703,0.688,400,1251,462,200,183,444,773
331,Virginia NCAA,37,29,8,0.784,22.04,11.12,13,5,15,0,5,6,2626,2222,1485,777,1849,0.42,235,677,0.347,433,617,0.702,287,1047,370,199,83,428,617
332,Wagner,34,23,11,0.676,-4.79,-9.52,13,5,13,4,10,7,2389,2209,1365,737,1789,0.412,197,605,0.326,538,789,0.682,331,1117,382,190,113,481,629
333,Wake Forest,31,11,20,0.355,5.53,10.53,2,16,6,9,3,9,2295,2450,1250,847,1923,0.44,209,626,0.334,547,742,0.737,367,1142,390,247,121,339,652
334,Washington State,31,9,22,0.29,0.5,7.97,1,17,8,9,0,10,2187,2394,1260,836,1886,0.443,210,586,0.358,512,699,0.732,333,1107,380,210,95,333,524
335,Washington,34,19,15,0.559,11.21,8.12,9,9,13,5,3,7,2853,2748,1385,936,2175,0.43,211,638,0.331,665,969,0.686,490,1438,433,205,131,550,786
336,Weber State NCAA,35,26,9,0.743,0.18,-5.13,15,3,13,1,6,7,2662,2344,1420,880,2113,0.416,202,576,0.351,382,571,0.669,336,1170,358,201,57,382,731
337,West Virginia NCAA,35,26,9,0.743,21.61,9.78,13,5,13,2,7,4,2749,2335,1410,726,1713,0.424,206,622,0.331,677,948,0.714,305,1078,371,244,128,624,812
338,Western Carolina,34,16,18,0.471,-4.98,-1.53,10,8,12,2,3,15,2479,2490,1385,824,1903,0.433,242,712,0.34,600,843,0.712,375,1230,439,235,130,510,699
339,Western Illinois,27,10,17,0.37,-6.2,-1.32,3,13,7,6,3,11,1904,1914,1080,647,1508,0.429,176,475,0.371,444,621,0.715,251,943,318,170,76,303,488
340,Western Kentucky,34,18,16,0.529,-1.29,-0.89,8,10,12,4,3,9,2620,2586,1385,949,2091,0.454,280,742,0.377,408,617,0.661,363,1128,493,219,98,365,652
341,Western Michigan,32,13,19,0.406,-2.07,0.06,7,11,10,5,2,12,2342,2352,1310,804,1824,0.441,264,754,0.35,480,690,0.696,286,1097,430,187,116,388,683
342,Wichita State NCAA,35,26,9,0.743,17.39,4.24,16,2,14,1,9,3,2535,2066,1410,659,1705,0.387,203,626,0.324,545,769,0.709,276,1154,315,163,106,539,715
343,William & Mary,31,20,11,0.645,5.57,1.3,11,7,12,3,7,7,2384,2205,1250,798,1895,0.421,251,769,0.326,358,516,0.694,319,1075,403,182,108,330,598
344,Winthrop,32,23,9,0.719,-1.42,-5.7,13,5,14,1,7,7,2631,2429,1280,870,2051,0.424,226,669,0.338,463,651,0.711,407,1202,366,196,102,375,653
345,Wisconsin NCAA,35,22,13,0.629,13.4,9.4,12,6,13,5,6,5,2373,2233,1410,794,1862,0.426,201,539,0.373,444,627,0.708,314,1121,369,190,116,420,698
346,Wofford,32,15,17,0.469,-3.75,-2.35,11,7,11,2,4,14,2296,2295,1295,826,1699,0.486,177,502,0.353,466,682,0.683,254,1005,379,192,100,370,607
347,Wright State,35,22,13,0.629,0.18,-1.76,13,5,13,2,5,9,2399,2303,1405,745,1768,0.421,206,627,0.329,607,846,0.717,294,1215,373,176,114,488,622
348,Wyoming,32,14,18,0.438,0.09,2.19,7,11,10,6,4,8,2294,2302,1295,787,1826,0.431,239,682,0.35,489,701,0.698,340,1181,371,186,71,346,709
349,Xavier NCAA,34,28,6,0.824,18.58,8.43,14,4,15,1,8,3,2737,2392,1360,834,2010,0.415,253,814,0.311,471,675,0.698,334,1138,456,206,119,474,774
350,Yale NCAA,30,23,7,0.767,9.08,-1.03,13,1,12,0,9,6,2248,1914,1205,678,1654,0.41,183,564,0.324,375,537,0.698,256,881,339,202,107,364,641
351,Youngstown State,32,11,21,0.344,-10.86,-0.86,6,12,6,8,3,11,2437,2682,1305,984,2094,0.47,256,756,0.339,458,661,0.693,396,1336,557,209,107,407,560
